-- MySQL dump 10.13  Distrib 5.7.26, for Win64 (x86_64)
--
-- Host: localhost    Database: dhi
-- ------------------------------------------------------
-- Server version	5.7.26-log

/*!40101 SET @OLD_CHARACTER_SET_CLIENT=@@CHARACTER_SET_CLIENT */;
/*!40101 SET @OLD_CHARACTER_SET_RESULTS=@@CHARACTER_SET_RESULTS */;
/*!40101 SET @OLD_COLLATION_CONNECTION=@@COLLATION_CONNECTION */;
/*!40101 SET NAMES utf8 */;
/*!40103 SET @OLD_TIME_ZONE=@@TIME_ZONE */;
/*!40103 SET TIME_ZONE='+00:00' */;
/*!40014 SET @OLD_UNIQUE_CHECKS=@@UNIQUE_CHECKS, UNIQUE_CHECKS=0 */;
/*!40014 SET @OLD_FOREIGN_KEY_CHECKS=@@FOREIGN_KEY_CHECKS, FOREIGN_KEY_CHECKS=0 */;
/*!40101 SET @OLD_SQL_MODE=@@SQL_MODE, SQL_MODE='NO_AUTO_VALUE_ON_ZERO' */;
/*!40111 SET @OLD_SQL_NOTES=@@SQL_NOTES, SQL_NOTES=0 */;

--
-- Table structure for table `favourite`
--

DROP TABLE IF EXISTS `favourite`;
/*!40101 SET @saved_cs_client     = @@character_set_client */;
/*!40101 SET character_set_client = utf8 */;
CREATE TABLE `favourite` (
  `ID` int(11) NOT NULL AUTO_INCREMENT,
  `FILE_NAME` varchar(255) NOT NULL,
  `PROFILE_CREATED_DATE` datetime NOT NULL,
  `USER_NAME` varchar(255) NOT NULL,
  `TITLE` varchar(255) DEFAULT NULL,
  PRIMARY KEY (`ID`)
) ENGINE=InnoDB AUTO_INCREMENT=167 DEFAULT CHARSET=latin1;
/*!40101 SET character_set_client = @saved_cs_client */;

--
-- Dumping data for table `favourite`
--

LOCK TABLES `favourite` WRITE;
/*!40000 ALTER TABLE `favourite` DISABLE KEYS */;
INSERT INTO `favourite` VALUES (118,'http://ipsolution.southindia.cloudapp.azure.com:8080/DHI/assets/test_user_bar_chart_hz_2019_07_01_13_04_59','2019-07-01 13:23:31','demo.user@brillio.com','show me sales by region\n'),(156,'http://ipsolution.southindia.cloudapp.azure.com:8080/DHI/assets/test_user_bar_chart_hz_2019_07_10_12_35_49','2019-07-10 12:35:53','nikita.k@brillio.com','show me total sales by region\n'),(158,'http://ipsolution.southindia.cloudapp.azure.com:8080/DHI/assets/test_user_bar_chart_hz_2019_07_11_06_09_52','2019-07-11 06:10:02','yogesh.jain@brillio.com','show me sales by region\n'),(160,'http://ipsolution.southindia.cloudapp.azure.com:8080/DHI/assets/test_user_bar_chart_vr_2019_07_11_08_16_49','2019-07-11 08:16:54','nikita.k@brillio.com','show me total sales by product\n'),(161,'http://ipsolution.southindia.cloudapp.azure.com:8080/DHI/assets/test_user_bar_chart_hz_2019_07_11_08_17_54','2019-07-11 08:17:59','nikita.k@brillio.com','show me total sales by continent\n'),(165,'http://ipsolution.southindia.cloudapp.azure.com:8080/DHI/assets/test_user_bar_chart_vr_2019_07_11_09_58_59','2019-07-11 09:59:18','nikita.k@brillio.com','show me sales by productlinecode \nhaving transaction amount more than 5000');
/*!40000 ALTER TABLE `favourite` ENABLE KEYS */;
UNLOCK TABLES;

--
-- Table structure for table `file_upload_data_source`
--

DROP TABLE IF EXISTS `file_upload_data_source`;
/*!40101 SET @saved_cs_client     = @@character_set_client */;
/*!40101 SET character_set_client = utf8 */;
CREATE TABLE `file_upload_data_source` (
  `dataModelRowId` bigint(20) NOT NULL AUTO_INCREMENT,
  `ALIAS_FILE_NAME` varchar(255) NOT NULL,
  `CREATED_DATE` datetime NOT NULL,
  `DATA_MODEL_FILE_NAME` varchar(255) NOT NULL,
  `DEFAULT_FLAG` varchar(255) NOT NULL,
  `IS_ACTIVE` varchar(255) NOT NULL,
  `USER_PROFILE` varchar(255) DEFAULT NULL,
  PRIMARY KEY (`dataModelRowId`),
  KEY `FK_3uwkouvri1u6vdpyxijifae0i` (`USER_PROFILE`),
  CONSTRAINT `FK_3uwkouvri1u6vdpyxijifae0i` FOREIGN KEY (`USER_PROFILE`) REFERENCES `user_profile` (`username`)
) ENGINE=InnoDB AUTO_INCREMENT=47 DEFAULT CHARSET=latin1;
/*!40101 SET character_set_client = @saved_cs_client */;

--
-- Dumping data for table `file_upload_data_source`
--

LOCK TABLES `file_upload_data_source` WRITE;
/*!40000 ALTER TABLE `file_upload_data_source` DISABLE KEYS */;
INSERT INTO `file_upload_data_source` VALUES (1,'Data Sample For Dhi after removing sheet 3_alias.csv','2019-11-26 11:56:15','Data Sample For Dhi after removing sheet 3.xlsx','false','true','manmaya.champatiray@brillio.com'),(2,'sample_data_alias.csv','2019-12-02 14:35:34','sample_data.csv','true','true','manmaya.champatiray@brillio.com'),(3,'Dell_Dhi3_alias.csv','2019-08-26 12:33:00','Dell_Dhi3.csv','false','true','nikita.k@brillio.com'),(4,'sales_data_sample_alias.csv','2019-08-26 15:06:44','sales_data_sample.csv','false','true','nikita.k@brillio.com'),(5,'Data_Sample_for_Dhee_v2_alias.csv','2019-08-29 15:02:48','Data_Sample_for_Dhee_v2.xlsx','false','true','nikita.k@brillio.com'),(6,'sample_data_ashish_alias.csv','2019-12-11 14:35:29','sample_data_ashish.csv','true','true','nikita.k@brillio.com'),(7,'dell_sample_data_alias.csv','2019-08-26 16:29:29','dell_sample_data.csv','false','true','nikita.k@brillio.com'),(8,'SampleData_sales_alias.csv','2019-11-12 11:25:07','SampleData_sales.csv','false','true','nikita.k@brillio.com'),(9,'dell_sample_data_short_alias.csv','2019-09-13 12:25:52','dell_sample_data_short.csv','false','true','nikita.k@brillio.com'),(10,'Data_Sample_for_Dhee_v2_alias.csv','2019-08-27 16:37:27','Data_Sample_for_Dhee_v2.csv','false','true','rohith.shetty@brillio.com'),(11,'Sample - Superstore_alias.csv','2019-08-27 16:26:13','Sample - Superstore.xls','false','true','rohith.shetty@brillio.com'),(12,'Sample - Superstore_alias.csv','2019-08-28 08:29:49','Sample - Superstore.csv','false','true','rohith.shetty@brillio.com'),(13,'sample_data_ashish_alias.csv','2019-12-02 14:57:51','sample_data_ashish.csv','true','true','akash.bais@brillio.com'),(14,'Web_Log_Data_alias.csv','2019-09-03 23:12:20','Web_Log_Data.csv','false','true','rohith.shetty@brillio.com'),(15,'Data_Sample_for_Dhee_v2_alias.csv','2019-10-04 12:57:44','Data_Sample_for_Dhee_v2.xlsx','false','true','akash.bais@brillio.com'),(16,'Web_Log_Data v2_alias.csv','2019-08-29 00:56:50','Web_Log_Data v2.csv','false','true','rohith.shetty@brillio.com'),(17,'SampleData_alias.csv','2019-09-10 09:05:51','SampleData.csv','true','true','ashish.saraf@brillio.com'),(18,'SampleData_sales_alias.csv','2019-11-12 16:38:51','SampleData_sales.csv','false','true','akash.bais@brillio.com'),(19,'Web_Log_Data_alias.csv','2019-09-04 20:16:14','Web_Log_Data.csv','false','true','nikita.k@brillio.com'),(20,'Data_Sample_for_Dhee_v2 (1)_alias.csv','2019-09-13 10:55:25','Data_Sample_for_Dhee_v2 (1).xlsx','false','true','akash.bais@brillio.com'),(21,'Data_Sample_for_Dhee_v2 (1)_alias.csv','2019-09-13 12:22:16','Data_Sample_for_Dhee_v2 (1).xlsx','false','true','nikita.k@brillio.com'),(22,'data_model_alias.csv','2019-12-06 11:11:40','data_model.csv','false','true','nikita.k@brillio.com'),(23,'dell_sample_data_short_alias.csv','2019-09-13 12:20:28','dell_sample_data_short.csv','true','true','himanshu.b@brillio.com'),(24,'dell_sample_data_short_alias.csv','2019-09-13 12:31:03','dell_sample_data_short.csv','false','true','akash.bais@brillio.com'),(25,'bms_src_alias.csv','2019-09-17 15:40:35','bms_src.docx','false','true','nikita.k@brillio.com'),(26,'sales_data_sample_alias.csv','2019-10-04 12:55:33','sales_data_sample.csv','false','true','sandhya.balakrishnan@brillio.com'),(27,'sales_data_sample_alias.csv','2019-10-04 12:57:10','sales_data_sample.csv','false','true','akash.bais@brillio.com'),(28,'sample_data_ashish_alias.csv','2019-10-04 12:59:46','sample_data_ashish.csv','true','true','sandhya.balakrishnan@brillio.com'),(29,'dhi2_alias.csv','2019-10-16 19:22:27','dhi2.xlsx','false','true','akash.bais@brillio.com'),(30,'dhi2_alias.csv','2019-10-17 00:12:39','dhi2.csv','false','true','akash.bais@brillio.com'),(31,'DELL_DEMO_DATASET_alias.csv','2019-11-12 14:56:56','DELL_DEMO_DATASET.csv','false','true','akash.bais@brillio.com'),(32,'DELL_DEMO_DATASET_alias.csv','2019-10-23 15:47:27','DELL_DEMO_DATASET.csv','false','true','rohith.shetty@brillio.com'),(33,'Copy of dhi2_alias.csv','2019-10-21 15:13:23','Copy of dhi2.xlsx','false','true','nikita.k@brillio.com'),(34,'Copy of dhi2_alias.csv','2019-10-21 15:04:29','Copy of dhi2.xlsx','false','true','akash.bais@brillio.com'),(35,'Dell-Demo_alias.csv','2019-10-22 20:18:37','Dell-Demo.csv','false','true','rohith.shetty@brillio.com'),(36,'dhi123_alias.csv','2019-10-23 15:32:22','dhi123.csv','false','true','rohith.shetty@brillio.com'),(37,'Dhi-2_alias.csv','2019-10-24 13:17:58','Dhi-2.csv','true','true','Rohith.shetty@brillio.com'),(38,'Data Sample For Dhi after removing sheet 3_alias.csv','2019-11-08 13:52:55','Data Sample For Dhi after removing sheet 3.xlsx','false','true','nikita.k@brillio.com'),(39,'SampleData_sales_alias.csv','2020-01-20 10:36:13','SampleData_sales.csv','true','true','adhiraj.gupta@brillio.com'),(40,'DELL_DEMO_DATASET_alias.csv','2019-11-12 16:43:24','DELL_DEMO_DATASET.csv','false','true','sachin.nalkar@brillio.com'),(41,'sample_data_ashish_alias.csv','2019-11-13 17:12:31','sample_data_ashish.csv','true','true','sachin.nalkar@brillio.com'),(42,'data_model_alias.csv','2019-11-26 17:08:55','data_model.csv','false','true','manmaya.champatiray@brillio.com'),(43,'sales_data_sample_alias.csv','2019-11-26 16:19:18','sales_data_sample.csv','false','true','manmaya.champatiray@brillio.com'),(44,'dell_alias.csv','2019-12-06 00:16:11','dell.xlsx','false','true','nikita.k@brillio.com'),(45,'data_model_alias.csv','2020-01-02 15:05:26','data_model.csv','false','true','adhiraj.gupta@brillio.com'),(46,'sample_data_alias.csv','2020-03-16 10:46:36','sample_data.csv','true','true','demo@brillio.com');
/*!40000 ALTER TABLE `file_upload_data_source` ENABLE KEYS */;
UNLOCK TABLES;

--
-- Table structure for table `font`
--

DROP TABLE IF EXISTS `font`;
/*!40101 SET @saved_cs_client     = @@character_set_client */;
/*!40101 SET character_set_client = utf8 */;
CREATE TABLE `font` (
  `ID` int(11) NOT NULL AUTO_INCREMENT,
  `category` varchar(255) NOT NULL,
  `family` varchar(255) NOT NULL,
  PRIMARY KEY (`ID`)
) ENGINE=InnoDB AUTO_INCREMENT=5 DEFAULT CHARSET=latin1;
/*!40101 SET character_set_client = @saved_cs_client */;

--
-- Dumping data for table `font`
--

LOCK TABLES `font` WRITE;
/*!40000 ALTER TABLE `font` DISABLE KEYS */;
INSERT INTO `font` VALUES (1,'Times New Roman','Times New Roman'),(2,'Verdana','Verdana'),(3,'Roboto','Roboto'),(4,'Montserrat-Regular','Montserrat-Regular');
/*!40000 ALTER TABLE `font` ENABLE KEYS */;
UNLOCK TABLES;

--
-- Table structure for table `story_model_map`
--

DROP TABLE IF EXISTS `story_model_map`;
/*!40101 SET @saved_cs_client     = @@character_set_client */;
/*!40101 SET character_set_client = utf8 */;
CREATE TABLE `story_model_map` (
  `storyModelMapRowId` bigint(20) NOT NULL AUTO_INCREMENT,
  `CREATED_DATE` datetime NOT NULL,
  `STORY_ID` varchar(255) NOT NULL,
  `STORY_TITLE` varchar(255) NOT NULL,
  `FILE_UPLOAD_DATA_SOURCE` bigint(20) DEFAULT NULL,
  `USER_PROFILE` varchar(255) DEFAULT NULL,
  PRIMARY KEY (`storyModelMapRowId`),
  KEY `FK_2xj414lk59njsh09ys5esps5i` (`FILE_UPLOAD_DATA_SOURCE`),
  KEY `FK_686odllrt3jlvhkeny2pwgi2t` (`USER_PROFILE`),
  CONSTRAINT `FK_2xj414lk59njsh09ys5esps5i` FOREIGN KEY (`FILE_UPLOAD_DATA_SOURCE`) REFERENCES `file_upload_data_source` (`dataModelRowId`),
  CONSTRAINT `FK_686odllrt3jlvhkeny2pwgi2t` FOREIGN KEY (`USER_PROFILE`) REFERENCES `user_profile` (`username`)
) ENGINE=InnoDB AUTO_INCREMENT=54 DEFAULT CHARSET=latin1;
/*!40101 SET character_set_client = @saved_cs_client */;

--
-- Dumping data for table `story_model_map`
--

LOCK TABLES `story_model_map` WRITE;
/*!40000 ALTER TABLE `story_model_map` DISABLE KEYS */;
INSERT INTO `story_model_map` VALUES (1,'2019-08-26 23:30:06','1566842406420','dell sales story',9,'nikita.k@brillio.com'),(2,'2019-08-27 12:20:50','1566888650242','Dell demo story',9,'nikita.k@brillio.com'),(3,'2019-08-28 12:39:05','1566976145173','DellDemo_Draft',14,'rohith.shetty@brillio.com'),(4,'2019-08-28 13:06:29','1566977788631','Dell Qbr -prep',14,'rohith.shetty@brillio.com'),(5,'2019-08-28 15:34:26','1566986665735','test 123',14,'rohith.shetty@brillio.com'),(6,'2019-10-23 16:47:56','1571829476103','Dell QBR-Dhi Review',32,'rohith.shetty@brillio.com'),(7,'2019-08-28 21:31:17','1567008076721','Dell QBR -Demo ',14,'rohith.shetty@brillio.com'),(8,'2019-08-28 23:50:39','1567016439309','Test',16,'rohith.shetty@brillio.com'),(9,'2019-08-29 10:29:03','1567054742708','Dell -Dhi Demo',14,'rohith.shetty@brillio.com'),(10,'2019-08-29 13:42:20','1567066339705','dell demo',14,'rohith.shetty@brillio.com'),(11,'2019-08-29 14:07:14','1567067833624','test 1',8,'nikita.k@brillio.com'),(12,'2019-09-18 14:47:28','1568798247687','test2',8,'nikita.k@brillio.com'),(13,'2019-09-03 22:29:50','1567529989718','Demo',14,'rohith.shetty@brillio.com'),(14,'2019-09-04 12:32:17','1567580537431','salessss story',2,'manmaya.champatiray@BRILLIO.COM'),(15,'2019-09-10 09:14:45','1568087084978','Sales sample',17,'ashish.saraf@brillio.com'),(16,'2019-09-11 12:15:43','1568184343295','Story-1',8,'nikita.k@brillio.com'),(17,'2019-09-11 12:18:40','1568184519477','story-2',8,'nikita.k@brillio.com'),(18,'2019-09-18 12:25:32','1568789731540','A',24,'akash.bais@brillio.com'),(19,'2019-09-26 14:16:26','1569487585710','Sales analysis',17,'ashish.saraf@brillio.com'),(20,'2019-10-09 12:47:19','1570605438792','Demo 1',28,'sandhya.balakrishnan@brillio.com'),(21,'2019-10-18 11:27:49','1571378268700','Demo2',28,'sandhya.balakrishnan@brillio.com'),(22,'2019-10-22 18:41:35','1571749895152','Dell Demo_1',32,'rohith.shetty@brillio.com'),(23,'2019-10-23 11:16:35','1571809594688','1',8,'nikita.k@brillio.com'),(24,'2019-11-12 11:34:48','1573538688349','Adhi Test 1 ',8,'nikita.k@brillio.com'),(25,'2019-11-12 16:37:51','1573556870975','Demo',13,'akash.bais@brillio.com'),(26,'2019-11-12 16:54:22','1573557862233','Adhi Test 2',8,'nikita.k@brillio.com'),(27,'2019-11-12 16:54:38','1573557877656','Test1',40,'sachin.nalkar@brillio.com'),(28,'2019-11-12 17:15:26','1573559125821','nikita',8,'nikita.k@brillio.com'),(29,'2019-11-12 17:14:17','1573559056501','adhi t1',39,'adhiraj.gupta@brillio.com'),(30,'2019-11-12 17:16:24','1573559184342','nikita1',8,'nikita.k@brillio.com'),(31,'2019-11-12 17:34:07','1573560246938','nikita 1',8,'nikita.k@brillio.com'),(32,'2019-11-25 15:12:04','1574674924122','nikita-2',8,'nikita.k@brillio.com'),(33,'2019-11-12 17:52:34','1573561353905','nikita 2',8,'nikita.k@brillio.com'),(34,'2019-11-18 09:59:39','1574051379281','niki-1',8,'nikita.k@brillio.com'),(35,'2019-11-18 10:09:27','1574051966145','niki-2',8,'nikita.k@brillio.com'),(36,'2019-11-21 09:57:59','1574310478791','adhi t2',39,'adhiraj.gupta@brillio.com'),(37,'2019-11-21 10:17:01','1574311620575','adhi t3',39,'adhiraj.gupta@brillio.com'),(38,'2019-11-25 14:45:52','1574673352056','Nikita-1',8,'nikita.k@brillio.com'),(39,'2019-11-29 10:56:33','1575005193300','Test-story-1',8,'nikita.k@brillio.com'),(40,'2019-12-03 09:00:24','1575343823870','nikki-1',8,'nikita.k@brillio.com'),(41,'2019-12-09 13:27:55','1575878274940','s-1',22,'nikita.k@brillio.com'),(42,'2019-12-03 09:15:21','1575344721412','n-2',8,'nikita.k@brillio.com'),(43,'2019-12-06 12:02:07','1575613926822','Show me sales by region - 1',2,'manmaya.champatiray@brillio.com'),(44,'2019-12-08 18:59:02','1575811742370','m-1',22,'nikita.k@brillio.com'),(45,'2019-12-09 12:27:32','1575874652012','s-2',22,'nikita.k@brillio.com'),(46,'2019-12-09 12:26:19','1575874578540','s-3',22,'nikita.k@brillio.com'),(47,'2020-01-02 15:12:15','1577958134835','adhi d3 test 1',45,'adhiraj.gupta@brillio.com'),(48,'2019-12-11 13:18:16','1576050496114','adhi d3 test 2',39,'adhiraj.gupta@brillio.com'),(49,'2019-12-10 16:20:04','1575975003939','test-3',39,'adhiraj.gupta@brillio.com'),(50,'2019-12-11 14:24:56','1576054496257','Adhi d3 test 3',39,'adhiraj.gupta@brillio.com'),(51,'2019-12-12 14:53:45','1576142624868','nikki-test',39,'adhiraj.gupta@brillio.com'),(52,'2020-03-16 01:27:43','1584302263144','Test-story',6,'nikita.k@brillio.com'),(53,'2020-03-16 11:22:58','1584337977962','bookings by sales',46,'demo@brillio.com');
/*!40000 ALTER TABLE `story_model_map` ENABLE KEYS */;
UNLOCK TABLES;

--
-- Table structure for table `user_auth`
--

DROP TABLE IF EXISTS `user_auth`;
/*!40101 SET @saved_cs_client     = @@character_set_client */;
/*!40101 SET character_set_client = utf8 */;
CREATE TABLE `user_auth` (
  `username` varchar(255) NOT NULL,
  `isActive` varchar(5) NOT NULL,
  `password` varchar(255) NOT NULL,
  `password_modified_date` datetime NOT NULL,
  `phone_number` varchar(15) DEFAULT NULL,
  PRIMARY KEY (`username`),
  UNIQUE KEY `UK_axi9cn61q7pnpta6tfkq7biw` (`phone_number`)
) ENGINE=InnoDB DEFAULT CHARSET=latin1;
/*!40101 SET character_set_client = @saved_cs_client */;

--
-- Dumping data for table `user_auth`
--

LOCK TABLES `user_auth` WRITE;
/*!40000 ALTER TABLE `user_auth` DISABLE KEYS */;
INSERT INTO `user_auth` VALUES ('adhiraj.gupta@brillio.com','false','nC3Oysc+riCOEvMwFW4Xkg==\r\n','2019-11-12 16:40:30','+9112222'),('akash.bais@brillio.com','false','nC3Oysc+riCOEvMwFW4Xkg==\r\n','2019-08-27 17:01:54','+919970630663'),('ashish.saraf@brillio.com','false','nC3Oysc+riCOEvMwFW4Xkg==\r\n','2019-07-11 09:56:05','+919663831311'),('brinditha.rai@brillio.com','false','nC3Oysc+riCOEvMwFW4Xkg==\r\n','2019-08-07 14:18:31','+91733861239'),('demo.user@brillio.com','false','nC3Oysc+riCOEvMwFW4Xkg==\r\n','2019-06-21 16:52:38','12340989'),('demo1@brillio.com','false','NrPPv8D0Sc94rbyHh3q6Vw==\r\n','2019-11-18 15:25:55','+9111'),('demo@brillio.com','false','NrPPv8D0Sc94rbyHh3q6Vw==\r\n','2019-11-18 11:00:40','+91'),('himanshu.b@brillio.com','false','nC3Oysc+riCOEvMwFW4Xkg==\r\n','2019-08-27 13:08:24','+919987507468'),('manmaya.champatiray@brillio.com','false','nC3Oysc+riCOEvMwFW4Xkg==\r\n','2019-06-20 13:39:34','+917338645544'),('nikita.k@brillio.com','false','FEm7S49noH4uLPF9W3qvqA==\r\n','2019-06-20 15:10:17','+919876543212'),('rohith.shetty@brillio.com','false','nC3Oysc+riCOEvMwFW4Xkg==\r\n','2019-08-27 16:07:35','+919591474833'),('sachin.nalkar@brillio.com','false','nC3Oysc+riCOEvMwFW4Xkg==\r\n','2019-11-12 16:41:51','+9112223'),('sandhya.balakrishnan@brillio.com','false','nC3Oysc+riCOEvMwFW4Xkg==\r\n','2019-08-07 14:17:31','+16692106196'),('shishir.saxena@brillio.com','false','nC3Oysc+riCOEvMwFW4Xkg==\r\n','2019-07-19 16:15:44','+91733861234'),('uiadmin@brillio.com','false','nC3Oysc+riCOEvMwFW4Xkg==\r\n','2019-06-26 13:22:01','123409899'),('yogesh.jain@brillio.com','false','nC3Oysc+riCOEvMwFW4Xkg==\r\n','2019-07-11 00:24:27','+919967015035');
/*!40000 ALTER TABLE `user_auth` ENABLE KEYS */;
UNLOCK TABLES;

--
-- Table structure for table `user_defined_columns`
--

DROP TABLE IF EXISTS `user_defined_columns`;
/*!40101 SET @saved_cs_client     = @@character_set_client */;
/*!40101 SET character_set_client = utf8 */;
CREATE TABLE `user_defined_columns` (
  `userDefinedColumRowId` bigint(20) NOT NULL AUTO_INCREMENT,
  `AI_GENERATED_NAME` varchar(255) DEFAULT NULL,
  `CREATED_DATE` datetime DEFAULT NULL,
  `DATA_COLUMN_NAME` varchar(255) NOT NULL,
  `DATA_TYPE` varchar(255) DEFAULT NULL,
  `DESCRIPTION` varchar(255) DEFAULT NULL,
  `USER_DEFINED_NAME` varchar(255) DEFAULT NULL,
  `USER_PROFILE` varchar(255) DEFAULT NULL,
  PRIMARY KEY (`userDefinedColumRowId`),
  KEY `FK_sgx4fvg2lh30nf1tt9n3qxbkc` (`USER_PROFILE`),
  CONSTRAINT `FK_sgx4fvg2lh30nf1tt9n3qxbkc` FOREIGN KEY (`USER_PROFILE`) REFERENCES `user_profile` (`username`)
) ENGINE=InnoDB AUTO_INCREMENT=184 DEFAULT CHARSET=latin1;
/*!40101 SET character_set_client = @saved_cs_client */;

--
-- Dumping data for table `user_defined_columns`
--

LOCK TABLES `user_defined_columns` WRITE;
/*!40000 ALTER TABLE `user_defined_columns` DISABLE KEYS */;
INSERT INTO `user_defined_columns` VALUES (1,'','2019-08-25 12:36:36','page_views','int64','','views','manmaya.champatiray@brillio.com'),(2,'','2019-08-25 12:38:07','Booking_Quantity','int64','','sales','manmaya.champatiray@brillio.com'),(3,'','2019-08-26 12:32:07','Bounce Visits','int64','','visits','nikita.k@brillio.com'),(4,'','2019-08-26 12:34:46','page_views','int64','','views','nikita.k@brillio.com'),(5,'','2019-08-26 14:53:26','metric4','Integer','','','nikita.k@brillio.com'),(6,'','2019-08-26 14:58:04','metric4','Integer','','','nikita.k@brillio.com'),(7,'','2019-08-26 15:07:38','Region','object','','Place','nikita.k@brillio.com'),(8,'','2019-08-26 15:43:49','Booking_Quantity','int64','','quantity','nikita.k@brillio.com'),(9,'','2019-08-26 15:51:05','Bookings','float64','','sales','nikita.k@brillio.com'),(10,'','2019-08-26 15:51:25','Sub_Theater','object','','continent','nikita.k@brillio.com'),(11,'','2019-08-26 15:58:12','bounce_visits','int64','','bounce','nikita.k@brillio.com'),(12,'','2019-08-26 16:03:13','File Download','int64','','Filedownload','nikita.k@brillio.com'),(13,'','2019-08-26 16:04:25','File Download','int64','','','nikita.k@brillio.com'),(14,'','2019-08-26 16:30:04','Metric3','int64','','','nikita.k@brillio.com'),(15,'','2019-08-26 16:30:05','metric4','int64','','','nikita.k@brillio.com'),(16,'','2019-08-26 16:30:20','page_views','int64','','pgviews','nikita.k@brillio.com'),(17,'','2019-08-26 16:40:11','visitors','int64','','users','nikita.k@brillio.com'),(18,'','2019-08-26 16:47:50','bookings','float64','','sales','nikita.k@brillio.com'),(19,'','2019-08-26 16:56:12','Bookings','float64','','sales','nikita.k@brillio.com'),(20,'','2019-08-26 16:57:40','bookings','float64','','sales','nikita.k@brillio.com'),(21,'','2019-08-26 23:28:52','bounce_visits','int64','','bouncevisits','nikita.k@brillio.com'),(22,'','2019-08-26 23:46:17','month','Date/Time','','','nikita.k@brillio.com'),(23,'','2019-08-27 11:25:04','file_download','int64','','fldownlod','nikita.k@brillio.com'),(24,'','2019-08-27 11:26:42','file_download','int64','','fldownload','nikita.k@brillio.com'),(25,'','2019-08-27 11:29:05','total_seconds_spent','int64','','secspent','nikita.k@brillio.com'),(26,'','2019-08-27 12:18:07','bounce_visits','int64','','bouncevisits','nikita.k@brillio.com'),(27,'','2019-08-27 16:08:15','bookings','float64','','sales','nikita.k@brillio.com'),(28,'','2019-08-27 16:12:52','page_views','int64','','pgviews','rohith.shetty@brillio.com'),(29,'','2019-08-27 16:37:52','page_views','int64','','pageviews','rohith.shetty@brillio.com'),(30,'','2019-08-27 17:11:08','total_seconds_spent','int64','','total seconds spent','nikita.k@brillio.com'),(31,'','2019-08-27 17:21:29','Bookings','float64','','sales','akash.bais@brillio.com'),(32,'','2019-08-27 17:28:25','FiscalQuarterYear','object','','quarter','akash.bais@brillio.com'),(33,'','2019-08-28 12:27:14','video_views','int64','','videoviews,video views','rohith.shetty@brillio.com'),(34,'','2019-08-28 12:34:47','page_views','int64','','pgviews','rohith.shetty@brillio.com'),(35,'','2019-08-28 12:35:43','file_download','int64','','filedownload','rohith.shetty@brillio.com'),(36,'','2019-08-28 12:36:27','file_download','int64','','file download','rohith.shetty@brillio.com'),(37,'','2019-08-28 12:57:30','page_views','int64','','Pageviews','rohith.shetty@brillio.com'),(38,'','2019-08-28 14:17:00','file_download','int64','','downloads','akash.bais@brillio.com'),(39,'','2019-08-28 14:27:18','bounce_visits','int64','','bouncevisits','nikita.k@brillio.com'),(40,'','2019-08-28 15:01:18','page_views','int64','','views','nikita.k@brillio.com'),(41,'','2019-08-28 15:01:38','bounce_visits','int64','','bouncevisits','nikita.k@brillio.com'),(42,'','2019-08-28 15:05:49','file_download','int64','','downloads','akash.bais@brillio.com'),(43,'','2019-08-28 16:08:38','page_views','int64','','Pageviews','rohith.shetty@brillio.com'),(44,'','2019-08-28 16:12:30','video_views','int64','','videoviews','rohith.shetty@brillio.com'),(45,'','2019-08-28 16:35:57','bounce_visits','int64','','bouncevisits','nikita.k@brillio.com'),(46,'','2019-08-28 18:55:20','visitors','int64','','users','nikita.k@brillio.com'),(47,'','2019-08-28 18:55:47','page_views','int64','','views','nikita.k@brillio.com'),(48,'','2019-08-28 18:56:57','bookings','float64','','sales','nikita.k@brillio.com'),(49,'','2019-08-28 19:20:11','calmonth','object','','month','nikita.k@brillio.com'),(50,'','2019-08-28 19:31:25','bookings','float64','','sales','nikita.k@brillio.com'),(51,'','2019-08-28 19:34:04','bookings','float64','','sales','nikita.k@brillio.com'),(52,'','2019-08-28 19:37:00','bookings','float64','','sales','nikita.k@brillio.com'),(53,'','2019-08-28 19:38:42','bookings','float64','','sales','nikita.k@brillio.com'),(54,'','2019-08-28 21:24:23','country','object','','Contient ','rohith.shetty@brillio.com'),(55,'','2019-08-28 23:44:21','video_views','int64','','videoviews','rohith.shetty@brillio.com'),(56,'','2019-08-29 00:53:36','page_views','int64','','pgviews,pageviews,page_views','rohith.shetty@brillio.com'),(57,'','2019-08-29 00:55:22','page_views','int64','','pgviews,pageviews','rohith.shetty@brillio.com'),(58,'','2019-08-29 00:56:10','page_views','int64','','','rohith.shetty@brillio.com'),(59,'','2019-08-29 00:59:08','page_views','int64','','pageviews','rohith.shetty@brillio.com'),(60,'','2019-08-29 00:59:46','page_views','int64','','pageviews,pgviews','rohith.shetty@brillio.com'),(61,'','2019-08-29 01:01:13','page_views','int64','','','rohith.shetty@brillio.com'),(62,'','2019-08-29 01:22:47','TOT_LIST_PR_USD_AM','float64','','mrp','ashish.saraf@brillio.com'),(63,'','2019-08-29 10:23:03','session','int64','','visits','rohith.shetty@brillio.com'),(64,'','2019-08-29 12:55:41','bounce_visits','int64','','visits','akash.bais@brillio.com'),(65,'','2019-08-29 12:58:24','bookings','float64','','sales','akash.bais@brillio.com'),(66,'','2019-08-29 13:36:07','session','int64','','visits','rohith.shetty@brillio.com'),(67,'','2019-08-29 13:53:43','bookings','float64','','sales','nikita.k@brillio.com'),(68,'','2019-08-29 14:39:39','page_views','int64','','pgviews','akash.bais@brillio.com'),(69,'','2019-08-29 15:01:09','page_views','int64','','views','akash.bais@brillio.com'),(70,'','2019-08-29 15:03:07','page_views','int64','','views','nikita.k@brillio.com'),(71,'','2019-08-29 15:16:10','bookings','float64','','sales','akash.bais@brillio.com'),(72,'','2019-08-29 15:25:32','product_type','object','','prodtype','akash.bais@brillio.com'),(73,'','2019-08-29 15:27:40','bookings','float64','','sales','akash.bais@brillio.com'),(74,'','2019-08-29 20:03:02','order_type','object','','order type','akash.bais@brillio.com'),(75,'','2019-08-29 20:41:09','order_type','object','','ordertype','akash.bais@brillio.com'),(76,'','2019-09-02 23:16:41','session','int64','','visits','rohith.shetty@brillio.com'),(77,'','2019-09-03 21:37:34','visitors','int64','','users','rohith.shetty@brillio.com'),(78,'','2019-09-03 22:26:03','session','int64','','visits','rohith.shetty@brillio.com'),(79,'','2019-09-04 12:12:49','bounce_visits','int64','','bv','nikita.k@brillio.com'),(80,'','2019-09-04 12:14:34','bounce_visits','int64','','bouncevisits','nikita.k@brillio.com'),(81,'','2019-09-04 12:29:25','Bookings','float64','','sales','manmaya.champatiray@BRILLIO.COM'),(82,'','2019-09-04 12:30:00','ProductGroup','object','','prodgp','manmaya.champatiray@BRILLIO.COM'),(83,'','2019-09-04 12:30:15','Booking_Quantity','int64','','quantity','manmaya.champatiray@BRILLIO.COM'),(84,'','2019-09-04 19:46:08','product_type','object','','prodtype, type','nikita.k@brillio.com'),(85,'','2019-09-04 20:17:00','social_shares','int64','','shares','nikita.k@brillio.com'),(86,'','2019-09-09 19:26:05','bookings','float64','','sales ','nikita.k@brillio.com'),(87,'','2019-09-09 19:27:13','bookings','float64','','sales','nikita.k@brillio.com'),(88,'','2019-09-10 08:47:11','bookings','float64','','sales','nikita.k@brillio.com'),(89,'','2019-09-10 09:06:31','TOT_LIST_PR_USD_AM','float64','','mrp','ashish.saraf@brillio.com'),(90,'','2019-09-13 11:05:21','social_shares','int64','','shares','akash.bais@brillio.com'),(91,'','2019-09-13 12:05:42','social_shares','int64','','shares','nikita.k@brillio.com'),(92,'','2019-09-13 12:19:33','product_type','object','','type','nikita.k@brillio.com'),(93,'','2019-09-13 12:21:02','bounce_visits','int64','','bouncevisits','himanshu.b@brillio.com'),(94,'','2019-09-13 12:23:07','page_views','int64','','pgviews','nikita.k@brillio.com'),(95,'','2019-09-13 12:26:34','social_shares','int64','','ss','nikita.k@brillio.com'),(96,'','2019-09-13 12:31:13','video_views','int64','','pgviews','akash.bais@brillio.com'),(97,'','2019-09-13 12:34:35','bounce_visits','int64','','bv','akash.bais@brillio.com'),(98,'','2019-09-13 12:35:30','product_type','object','','pt','akash.bais@brillio.com'),(99,'','2019-09-18 11:39:34','booking_quantity','int64','','sales','nikita.k@brillio.com'),(100,'','2019-09-18 14:47:08','bookings','float64','','sales','nikita.k@brillio.com'),(101,'','2019-09-19 16:03:44','booking_quantity','int64','','quantity','nikita.k@brillio.com'),(102,'','2019-09-19 16:03:56','sub_theater','object','','continent','nikita.k@brillio.com'),(103,'','2019-09-26 14:09:05','TOT_LIST_PR_USD_AM','float64','','price','ashish.saraf@brillio.com'),(104,'','2019-09-26 14:14:33','CalMonth','object','','monthly','ashish.saraf@brillio.com'),(105,'','2019-09-26 14:15:03','CalMonth','object','','month','ashish.saraf@brillio.com'),(106,'','2019-10-04 10:19:58','bookings','float64','','sales','nikita.k@brillio.com'),(107,'','2019-10-04 15:10:09','Bookings','float64','','sales','sandhya.balakrishnan@brillio.com'),(108,'','2019-10-09 11:13:49','bookings','float64','','sales','nikita.k@brillio.com'),(109,'','2019-10-09 11:28:46','bookings','float64','','sales','nikita.k@brillio.com'),(110,'','2019-10-09 11:29:55','bookings','float64','','sales','nikita.k@brillio.com'),(111,'','2019-10-09 11:30:55','region','object','','sales','nikita.k@brillio.com'),(112,'','2019-10-09 11:31:16','bookings','float64','','sales','nikita.k@brillio.com'),(113,'','2019-10-09 12:03:06','bookings','float64','','sales','nikita.k@brillio.com'),(114,'','2019-10-09 12:03:25','fiscalquarteryear','object','','quarter','nikita.k@brillio.com'),(115,'','2019-10-09 12:13:16','Bookings','float64','','sales','akash.bais@brillio.com'),(116,'','2019-10-16 19:52:58','TotalPipeline','float64','','Total_Pipeline','akash.bais@brillio.com'),(117,'','2019-10-17 00:14:30','TotalPipeline','float64','','Total_Pipeline','akash.bais@brillio.com'),(118,'','2019-10-17 14:23:47','TotalPipeline','float64','','Total_Pipeline','akash.bais@brillio.com'),(119,'','2019-10-17 17:07:48','TotalPipeline','float64','','pipeline','rohith.shetty@brillio.com'),(120,'','2019-10-17 17:19:11','TotalPipeline','float64','','pipeline','rohith.shetty@brillio.com'),(121,'','2019-10-18 17:07:45','TotalPipeline','float64','','pipeline','rohith.shetty@brillio.com'),(122,'','2019-10-21 12:12:55','TotalLeads','int64','',':Leads','nikita.k@brillio.com'),(123,'','2019-10-21 12:17:58','TotalLeads','int64','','Leads','akash.bais@brillio.com'),(124,'','2019-10-21 12:26:57','MarketingCampaign','object','','campaign','akash.bais@brillio.com'),(125,'','2019-10-21 12:28:39','bookings','float64','','sales','akash.bais@brillio.com'),(126,'','2019-10-21 15:07:56','TotalPipeline','float64','','pipeline','akash.bais@brillio.com'),(127,'','2019-10-21 15:17:45','TotalPipeline','float64','','pipeline','akash.bais@brillio.com'),(128,'','2019-10-21 15:25:36','TotalPipeline','float64','','pipeline','akash.bais@brillio.com'),(129,'','2019-10-22 18:35:30','TotalPipeline','float64','','Pipeline','rohith.shetty@brillio.com'),(130,'','2019-10-22 20:01:24','TotalPipeline','float64','','pipeline','rohith.shetty@brillio.com'),(131,'','2019-10-22 20:18:50','TotalPipeline','float64','','pipeline','rohith.shetty@brillio.com'),(132,'','2019-10-22 20:58:45','TotalPipeline','float64','','pipeline','rohith.shetty@brillio.com'),(133,'','2019-10-22 20:59:22','TotalPipeline','float64','','pipeline','rohith.shetty@brillio.com'),(134,'','2019-10-22 21:02:10','TotalPipeline','float64','','pipeline','rohith.shetty@brillio.com'),(135,'','2019-10-23 10:40:24','bookings','float64','','sales','nikita.k@brillio.com'),(136,'','2019-10-23 15:32:44','TotalPipeline','float64','','pipeline','rohith.shetty@brillio.com'),(137,'','2019-10-23 15:47:37','TotalPipeline','float64','','pipeline','rohith.shetty@brillio.com'),(138,'','2019-10-24 13:18:18','TotalPipeline','float64','','pipeline','Rohith.shetty@brillio.com'),(139,'','2019-10-30 11:13:44','bookings','float64','','sales ','nikita.k@brillio.com'),(140,'','2019-10-30 11:46:37','bookings','float64','','sales','nikita.k@brillio.com'),(141,'','2019-11-12 10:31:11','tot_list_pr_usd_am','float64','','list price ','nikita.k@brillio.com'),(142,'','2019-11-12 10:33:44','bookings','float64','','sales ','nikita.k@brillio.com'),(143,'','2019-11-12 11:25:43','bookings','float64','','sales','nikita.k@brillio.com'),(144,'','2019-11-12 14:59:45','ReviewRequired','int64','','RR','akash.bais@brillio.com'),(145,'','2019-11-12 16:04:36','Bookings','float64','','B','akash.bais@brillio.com'),(146,'','2019-11-12 16:19:53','Region','object','','R','akash.bais@brillio.com'),(147,'','2019-11-12 16:21:08','Region','object','','region','manmaya.champatiray@brillio.com'),(148,'','2019-11-12 16:22:35','ProductLineCode','object','','productLC','manmaya.champatiray@brillio.com'),(149,'','2019-11-12 16:27:04','Bookings','float64','','B','akash.bais@brillio.com'),(150,'','2019-11-12 16:27:31','Bookings','float64','','','akash.bais@brillio.com'),(151,'','2019-11-12 16:36:00','CalMonth','object','','month','manmaya.champatiray@brillio.com'),(152,'','2019-11-12 16:39:11','bookings','float64','','sales','akash.bais@brillio.com'),(153,'','2019-11-12 16:41:53','bookings','float64','','sales ','adhiraj.gupta@brillio.com'),(154,'','2019-11-12 16:45:27','OpportunityWon','int64','','OW','sachin.nalkar@brillio.com'),(155,'','2019-11-12 16:54:28','txndate','object','','TD','akash.bais@brillio.com'),(156,'','2019-11-12 17:01:38','ExistingRevenue','float64','','ExiRev','sachin.nalkar@brillio.com'),(157,'','2019-11-12 17:02:59','bookings','float64','','sales','adhiraj.gupta@brillio.com'),(158,'','2019-11-12 17:52:19','order_type','object','','ordertype','akash.bais@brillio.com'),(159,'','2019-11-12 17:52:29','booking_quantity','int64','','','akash.bais@brillio.com'),(160,'','2019-11-13 10:46:18','sub_theater','object','','sub theater','adhiraj.gupta@brillio.com'),(161,'','2019-11-13 10:57:21','calmonth','object','','month','adhiraj.gupta@brillio.com'),(162,'','2019-11-13 13:28:55','productgroup','object','','product','adhiraj.gupta@brillio.com'),(163,'','2019-11-13 17:11:08','TotalRevenue','float64','','TR','sachin.nalkar@brillio.com'),(164,'','2019-11-13 17:12:59','Bookings','float64','','sales','sachin.nalkar@brillio.com'),(165,'','2019-11-21 09:41:41','tot_list_pr_usd_am','float64','','price','adhiraj.gupta@brillio.com'),(166,'','2019-11-26 17:13:12','txndate','object','','td','manmaya.champatiray@brillio.com'),(167,'','2019-11-26 17:17:17','bookings','float64','','sales','manmaya.champatiray@brillio.com'),(168,'','2019-11-27 11:30:51','tot_list_pr_usd_am','float64','','price','adhiraj.gupta@brillio.com'),(169,'','2019-11-27 11:52:40','total_list','float','total list of value',NULL,'adhiraj.gupta@brillio.com'),(170,'','2019-11-27 11:54:35','tot_list_pr_usd_am','float64','','price','adhiraj.gupta@brillio.com'),(171,'','2019-12-02 12:37:22','fiscalmonthyear','object','','fiscal','nikita.k@brillio.com'),(172,'','2019-12-02 14:33:53','tot_list_pr_usd_am','float64','','price','adhiraj.gupta@brillio.com'),(173,'','2019-12-02 14:58:00','Bookings','float64','','sales','akash.bais@brillio.com'),(174,'','2019-12-03 12:38:20','bookings','float64','','sales','adhiraj.gupta@brillio.com'),(175,'','2019-12-06 11:10:40','Annual Fixed (INR)','int64','','annual','nikita.k@brillio.com'),(176,'','2019-12-09 12:28:37','tot_list_pr_usd_am','float64','','price','adhiraj.gupta@brillio.com'),(177,'','2019-12-09 12:31:58','bookingquantity','int64','','bk','nikita.k@brillio.com'),(178,'','2019-12-11 14:36:10','Bookings','float64','','sales','nikita.k@brillio.com'),(179,'','2020-01-20 10:36:56','tot_list_pr_usd_am','float64','','price','adhiraj.gupta@brillio.com'),(180,'','2020-03-16 01:11:00','Booking_Quantity','int64','','quantity','demo@brillio.com'),(181,'','2020-03-16 10:50:12','FiscalQuarterYear','object','','fqy','demo@brillio.com'),(182,'','2020-03-16 10:50:45','Bookings','float64','','sales','demo@brillio.com'),(183,'','2020-03-16 11:01:32','Booking_Quantity','int64','','bookingQty','demo@brillio.com');
/*!40000 ALTER TABLE `user_defined_columns` ENABLE KEYS */;
UNLOCK TABLES;

--
-- Table structure for table `user_profile`
--

DROP TABLE IF EXISTS `user_profile`;
/*!40101 SET @saved_cs_client     = @@character_set_client */;
/*!40101 SET character_set_client = utf8 */;
CREATE TABLE `user_profile` (
  `username` varchar(255) NOT NULL,
  `firstname` varchar(255) NOT NULL,
  `lastname` varchar(255) NOT NULL,
  `middlename` varchar(255) DEFAULT NULL,
  `phone_number` varchar(15) DEFAULT NULL,
  `profile_created_date` datetime NOT NULL,
  `profile_modified_date` datetime NOT NULL,
  PRIMARY KEY (`username`),
  UNIQUE KEY `UK_dd0g7xm8e4gtak3ka2h89clyh` (`phone_number`)
) ENGINE=InnoDB DEFAULT CHARSET=latin1;
/*!40101 SET character_set_client = @saved_cs_client */;

--
-- Dumping data for table `user_profile`
--

LOCK TABLES `user_profile` WRITE;
/*!40000 ALTER TABLE `user_profile` DISABLE KEYS */;
INSERT INTO `user_profile` VALUES ('adhiraj.gupta@brillio.com','Adhiraj','Gupta','','+9112222','2019-11-12 16:40:30','2019-11-12 16:40:30'),('akash.bais@brillio.com','Akash','Bais','','+919970630663','2019-08-27 17:01:54','2019-08-27 17:01:54'),('ashish.saraf@brillio.com','Ashish','Saraf','','+919663831311','2019-07-11 09:56:05','2019-07-11 09:56:05'),('brinditha.rai@brillio.com','Brinditha','Rai','','+91733861239','2019-08-07 14:18:31','2019-08-07 14:18:31'),('demo.user@brillio.com','demo-user','demo','','12340989','2019-06-21 16:52:38','2019-06-21 16:52:38'),('demo1@brillio.com','Demo','Demo','','+9111','2019-11-18 15:25:55','2019-11-18 15:25:55'),('demo@brillio.com','Demo','Demo','','+91','2019-11-18 11:00:40','2019-11-18 11:00:40'),('himanshu.b@brillio.com','Himanshu','Batra','','+919987507468','2019-08-27 13:08:24','2019-08-27 13:08:24'),('manmaya.champatiray@brillio.com','Manmaya','Champatiray','','+917338645544','2019-06-20 13:39:34','2019-06-20 13:39:34'),('nikita.k@brillio.com','Nikita','Kshatriya','','+919876543212','2019-06-20 15:10:17','2019-06-20 15:10:17'),('rohith.shetty@brillio.com','Rohith','Shetty','','+919591474833','2019-08-27 16:07:35','2019-08-27 16:07:35'),('sachin.nalkar@brillio.com','Sachin','Nalkar','','+9112223','2019-11-12 16:41:51','2019-11-12 16:41:51'),('sandhya.balakrishnan@brillio.com','Sandhya','Balakrishnan','','+16692106196','2019-08-07 14:17:31','2019-08-07 14:17:31'),('shishir.saxena@brillio.com','Shishir','Saxena','','+91733861234','2019-07-19 16:15:44','2019-07-19 16:15:44'),('uiadmin@brillio.com','demo-user','demo','','123409899','2019-06-26 13:22:01','2019-06-26 13:22:01'),('yogesh.jain@brillio.com','Yogesh','Jain','','+919967015035','2019-07-11 00:24:27','2019-07-11 00:24:27');
/*!40000 ALTER TABLE `user_profile` ENABLE KEYS */;
UNLOCK TABLES;

--
-- Table structure for table `user_query`
--

DROP TABLE IF EXISTS `user_query`;
/*!40101 SET @saved_cs_client     = @@character_set_client */;
/*!40101 SET character_set_client = utf8 */;
CREATE TABLE `user_query` (
  `userQueryRowId` bigint(20) NOT NULL AUTO_INCREMENT,
  `CHANNEL` varchar(255) NOT NULL,
  `COUNT` bigint(20) NOT NULL,
  `CREATED_DATE` datetime NOT NULL,
  `QUERY` varchar(255) NOT NULL,
  `USER_PROFILE` varchar(255) DEFAULT NULL,
  PRIMARY KEY (`userQueryRowId`),
  KEY `FK_ag2hjg7b73on84w5shcqs2373` (`USER_PROFILE`),
  CONSTRAINT `FK_ag2hjg7b73on84w5shcqs2373` FOREIGN KEY (`USER_PROFILE`) REFERENCES `user_profile` (`username`)
) ENGINE=InnoDB AUTO_INCREMENT=676 DEFAULT CHARSET=latin1;
/*!40101 SET character_set_client = @saved_cs_client */;

--
-- Dumping data for table `user_query`
--

LOCK TABLES `user_query` WRITE;
/*!40000 ALTER TABLE `user_query` DISABLE KEYS */;
INSERT INTO `user_query` VALUES (1,'web',5,'2019-11-21 08:47:15','show me product by region','manmaya.champatiray@brillio.com'),(2,'web',5,'2020-03-05 11:44:51','show me sales by region continent','manmaya.champatiray@brillio.com'),(3,'web',1,'2019-08-26 12:32:16','show me visits by region','nikita.k@brillio.com'),(4,'web',1,'2019-08-26 12:32:27','show me visits by country','nikita.k@brillio.com'),(5,'web',2,'2019-08-29 15:04:28','show me views by device','nikita.k@brillio.com'),(6,'web',5,'2019-09-13 12:05:56','show me views by region','nikita.k@brillio.com'),(7,'web',1,'2019-08-26 12:40:22','what is the data about','nikita.k@brillio.com'),(8,'web',2,'2019-08-26 14:50:59','total page views for japan','nikita.k@brillio.com'),(9,'web',1,'2019-08-26 14:47:41','Show me Total number of visitors ','nikita.k@brillio.com'),(10,'web',1,'2019-08-26 14:48:30','show me all the devices for APJ region','nikita.k@brillio.com'),(11,'web',2,'2020-03-16 01:23:47','Total visitors for APJ region ','nikita.k@brillio.com'),(12,'web',1,'2019-08-26 14:51:20','total page views for Product 1','nikita.k@brillio.com'),(13,'web',1,'2019-08-26 14:53:56','total page views for product type 1','nikita.k@brillio.com'),(14,'web',18,'2020-03-16 01:23:32','Show me Visitors by Year ','nikita.k@brillio.com'),(15,'web',2,'2019-08-29 12:56:43','Show me Visitors by Region for 2018','nikita.k@brillio.com'),(16,'web',1,'2019-08-26 14:55:32','total page_views for singapore','nikita.k@brillio.com'),(17,'web',1,'2019-08-26 14:58:49','Total page views for month 1','nikita.k@brillio.com'),(18,'web',107,'2019-12-11 15:58:28','show me sales by region','nikita.k@brillio.com'),(19,'web',1,'2019-08-26 15:07:50','show me sales by place','nikita.k@brillio.com'),(20,'web',4,'2019-08-28 19:37:14','show mw sales by region','nikita.k@brillio.com'),(21,'web',1,'2019-08-26 15:41:40','show me sales by regon','nikita.k@brillio.com'),(22,'web',20,'2019-12-08 18:57:41','show me bookings by region','nikita.k@brillio.com'),(23,'web',4,'2019-11-19 22:35:03','show me bookings by region desc','nikita.k@brillio.com'),(24,'web',1,'2019-08-26 15:44:03','show me quantity by region and continent desc','nikita.k@brillio.com'),(25,'web',1,'2019-08-26 15:44:30','show me booking by region and continent','nikita.k@brillio.com'),(26,'web',2,'2019-08-29 12:35:38','show me sales by region and continent','nikita.k@brillio.com'),(27,'web',1,'2019-08-26 15:51:47','show me sales by region and continent desc','nikita.k@brillio.com'),(28,'web',1,'2019-08-26 15:58:24','total bounce by region','nikita.k@brillio.com'),(29,'web',1,'2019-08-26 15:58:48','show me total bounce by region','nikita.k@brillio.com'),(30,'web',1,'2019-08-26 15:59:14','show me total page views by region','nikita.k@brillio.com'),(31,'web',1,'2019-08-26 15:59:30','show me page views per region','nikita.k@brillio.com'),(32,'web',1,'2019-08-26 16:00:01','Show me all product type','nikita.k@brillio.com'),(33,'web',2,'2019-09-11 16:40:21','show me product type for region APJ','nikita.k@brillio.com'),(34,'web',1,'2019-08-26 16:03:24','total pgviews per region','nikita.k@brillio.com'),(35,'web',2,'2019-08-26 16:03:58','total pgviews by region','nikita.k@brillio.com'),(36,'web',1,'2019-08-26 16:05:00','pgviews by device','nikita.k@brillio.com'),(37,'web',1,'2019-08-26 16:05:11','total pgviews by device','nikita.k@brillio.com'),(38,'web',4,'2019-08-26 16:16:07','show me pgviews by region','nikita.k@brillio.com'),(39,'web',2,'2019-08-26 16:27:32','tell me page_views by region','nikita.k@brillio.com'),(40,'web',7,'2019-11-12 17:18:13','show me quantity by region','nikita.k@brillio.com'),(41,'web',44,'2019-12-12 13:17:34','Booking_Quantity by region','manmaya.champatiray@brillio.com'),(42,'web',5,'2019-11-12 16:19:56','show me page_views by region','manmaya.champatiray@brillio.com'),(43,'web',1,'2019-08-26 18:48:37','Booking_Quantity by region and continent','manmaya.champatiray@brillio.com'),(44,'web',6,'2019-11-12 15:50:47','Booking_Quantity by region and Sub_Theater','manmaya.champatiray@brillio.com'),(45,'web',1,'2019-08-26 23:29:07','show me top 5 country by bouncevisits','nikita.k@brillio.com'),(46,'web',1,'2019-08-26 23:29:46','show me pgviews by country','nikita.k@brillio.com'),(47,'web',1,'2019-08-27 00:09:03','show me visitors by product','nikita.k@brillio.com'),(48,'web',1,'2019-08-27 00:09:42','what are the top 5 region by bouncevisits','nikita.k@brillio.com'),(49,'web',6,'2020-03-16 01:24:33','what are the top 5 region by visitors desc','nikita.k@brillio.com'),(50,'web',1,'2019-08-27 00:11:33','show me session by product and device','nikita.k@brillio.com'),(51,'web',1,'2019-08-27 00:15:18',' show me top 5 country by pgviews for region as apj','nikita.k@brillio.com'),(52,'web',3,'2019-09-11 17:13:29','show me top 5 country by pgviews where region is apj','nikita.k@brillio.com'),(53,'web',1,'2019-08-27 11:12:35','show me pgviews by rpodtype','nikita.k@brillio.com'),(54,'web',4,'2019-08-28 16:36:24','show me pgviews by prodtype','nikita.k@brillio.com'),(55,'web',1,'2019-08-27 11:13:14','show me top 5 country by pgviews','nikita.k@brillio.com'),(56,'web',1,'2019-08-27 11:14:28','what are the visitors by device','nikita.k@brillio.com'),(57,'web',1,'2019-08-27 11:16:21','can you tell me total visitor via device','nikita.k@brillio.com'),(58,'web',2,'2019-08-27 11:21:38','show me the visitor by country and device','nikita.k@brillio.com'),(59,'web',1,'2019-08-27 11:21:58','can you tell me total visitor with respect to device','nikita.k@brillio.com'),(60,'web',1,'2019-08-27 11:25:58','what are the fldownload by prodtype','nikita.k@brillio.com'),(61,'web',2,'2019-08-27 11:26:53','show me fldownload by prodtype','nikita.k@brillio.com'),(62,'web',1,'2019-08-27 11:29:41','what are the average secspent by device','nikita.k@brillio.com'),(63,'web',1,'2019-08-27 11:30:34','what are the average pgviews by country','nikita.k@brillio.com'),(64,'web',1,'2019-08-27 11:31:03','what are the average pgviews by country desc','nikita.k@brillio.com'),(65,'web',3,'2019-09-11 17:16:12','show me top 8 country by pgviews where region is apj','nikita.k@brillio.com'),(66,'web',1,'2019-08-27 12:10:48','show me the total visitors','nikita.k@brillio.com'),(67,'web',1,'2019-08-27 12:18:19','show me visitors by month','nikita.k@brillio.com'),(68,'web',1,'2019-08-27 12:19:04','show me visitors by month desc','nikita.k@brillio.com'),(69,'web',4,'2019-09-23 16:44:38','show me sales by continent','nikita.k@brillio.com'),(70,'web',1,'2019-08-27 16:08:49','what is sales by region','nikita.k@brillio.com'),(71,'web',3,'2019-08-27 16:10:14','sales by continent','nikita.k@brillio.com'),(72,'web',2,'2019-11-18 12:55:23','what are the top 5 regions by sales','nikita.k@brillio.com'),(73,'web',1,'2019-08-27 16:09:26','top 5 regions by sales','nikita.k@brillio.com'),(74,'web',21,'2019-11-19 13:25:41','sales by region','nikita.k@brillio.com'),(75,'web',1,'2019-08-27 16:11:11','what is quantity in europe?','nikita.k@brillio.com'),(76,'web',1,'2019-08-27 16:11:32','what is quantity by region?','nikita.k@brillio.com'),(77,'web',1,'2019-08-27 16:13:12','show me pgviews by product','rohith.shetty@brillio.com'),(78,'web',1,'2019-08-27 16:14:01','product by page views','rohith.shetty@brillio.com'),(79,'web',1,'2019-08-27 16:14:30','page_vews by region','rohith.shetty@brillio.com'),(80,'web',1,'2019-08-27 16:15:23','show me the visitor by country and device','rohith.shetty@brillio.com'),(81,'web',7,'2019-08-28 12:33:22','visitors by device','rohith.shetty@brillio.com'),(82,'web',14,'2019-10-22 20:33:07','show me visitors by device','rohith.shetty@brillio.com'),(83,'web',13,'2020-03-16 01:24:14','show me Session by Region','nikita.k@brillio.com'),(84,'phone',2,'2019-11-12 16:21:13','sales by region','manmaya.champatiray@brillio.com'),(85,'web',4,'2019-08-29 00:55:35','show me pageviews by device','rohith.shetty@brillio.com'),(86,'web',2,'2019-08-28 21:25:44','visitor by device','rohith.shetty@brillio.com'),(87,'web',1,'2019-08-27 16:47:25','page views by device','rohith.shetty@brillio.com'),(88,'web',2,'2019-09-03 12:19:08','show me products by product_type','nikita.k@brillio.com'),(89,'web',1,'2019-08-27 17:12:33','show me page views by product type','nikita.k@brillio.com'),(90,'web',2,'2019-08-27 17:13:56','show me page_views by Product_type','nikita.k@brillio.com'),(91,'web',1,'2019-08-27 17:14:35','Show me page_views by region','nikita.k@brillio.com'),(92,'web',20,'2019-12-11 14:21:24','show me sales by region','akash.bais@brillio.com'),(93,'web',2,'2019-09-13 11:09:46','show me sales for november','akash.bais@brillio.com'),(94,'web',1,'2019-08-27 17:22:39','show me sales for Nov','akash.bais@brillio.com'),(95,'web',1,'2019-08-27 17:23:13','show me sales for prdogrup DCS','akash.bais@brillio.com'),(96,'web',1,'2019-08-27 17:23:37','show me sales for DCS','akash.bais@brillio.com'),(97,'web',3,'2019-08-29 20:03:16','show me sales by order type','akash.bais@brillio.com'),(98,'web',1,'2019-08-27 17:24:56','show me quantity by order type','akash.bais@brillio.com'),(99,'web',1,'2019-08-27 17:26:04','show me sales for quater 1','akash.bais@brillio.com'),(100,'web',1,'2019-08-27 17:28:57','show sales for quarter 2019 Q1','akash.bais@brillio.com'),(101,'web',1,'2019-08-27 17:29:51','show me sales for prodcode 1U','akash.bais@brillio.com'),(102,'web',2,'2020-03-16 01:22:08','show me sales for CalMonth Nov','akash.bais@brillio.com'),(103,'web',2,'2019-11-12 19:04:05','show me sales by CalMonth','akash.bais@brillio.com'),(104,'web',1,'2019-08-27 17:31:35','show me sales where CalMonth is Nov','akash.bais@brillio.com'),(105,'web',1,'2019-08-27 17:38:26','show me sales by CalMonth Nov','akash.bais@brillio.com'),(106,'web',1,'2019-08-27 17:47:48','page_views by region','rohith.shetty@brillio.com'),(107,'web',2,'2019-08-27 17:50:08','visitors by region','rohith.shetty@brillio.com'),(108,'web',2,'2019-08-27 17:49:45','page_views by product','rohith.shetty@brillio.com'),(109,'web',1,'2019-08-27 17:49:56','visitors by product','rohith.shetty@brillio.com'),(110,'web',1,'2019-08-27 17:50:37','visitors by country','rohith.shetty@brillio.com'),(111,'web',1,'2019-08-27 17:50:54','visitors by product_type','rohith.shetty@brillio.com'),(112,'web',3,'2019-08-27 20:24:07','show me page_views by device','rohith.shetty@brillio.com'),(113,'web',2,'2019-08-27 17:55:30','show me visitors by country','rohith.shetty@brillio.com'),(114,'web',2,'2019-08-28 12:29:15','show me visitors by product','rohith.shetty@brillio.com'),(115,'web',1,'2019-08-27 17:53:33','show me visitors by country desc','rohith.shetty@brillio.com'),(116,'web',2,'2019-08-27 17:54:31','what are the average pgviews by country desc','rohith.shetty@brillio.com'),(117,'web',2,'2019-08-29 00:57:54','show me top 5 countries by page_views','rohith.shetty@brillio.com'),(118,'web',2,'2019-08-29 10:24:36','show me top 10 countries by visitor','rohith.shetty@brillio.com'),(119,'web',9,'2019-08-29 01:02:49','show me page_views by region','rohith.shetty@brillio.com'),(120,'phone',6,'2020-03-05 11:52:27','show me sales by region','manmaya.champatiray@brillio.com'),(121,'phone',61,'2020-03-05 12:08:42','show me Booking_Quantity by region','manmaya.champatiray@brillio.com'),(122,'web',10,'2019-08-29 01:02:26','show me pageviews by Region','rohith.shetty@brillio.com'),(123,'web',1,'2019-08-28 12:30:59','show be visitors by Region','rohith.shetty@brillio.com'),(124,'web',1,'2019-08-28 12:32:49','can you tell me visitors by device','rohith.shetty@brillio.com'),(125,'web',1,'2019-08-28 12:33:10','tell me visitors by device','rohith.shetty@brillio.com'),(126,'web',1,'2019-08-28 12:33:41','page_views by visitors','rohith.shetty@brillio.com'),(127,'web',1,'2019-08-28 12:33:57','tell me page_views by visitors','rohith.shetty@brillio.com'),(128,'web',1,'2019-08-28 12:35:03','show me pgviews by device','rohith.shetty@brillio.com'),(129,'web',2,'2019-08-28 12:37:02','show me filedownload by device','rohith.shetty@brillio.com'),(130,'web',1,'2019-08-28 12:36:39','show me file download by device','rohith.shetty@brillio.com'),(131,'web',10,'2019-09-03 22:26:31','Show me visitors by region','rohith.shetty@brillio.com'),(132,'web',5,'2019-08-29 15:28:46','show me top 5 country by visitor ','rohith.shetty@brillio.com'),(133,'web',1,'2019-08-28 13:02:12','show me page views by device','rohith.shetty@brillio.com'),(134,'web',1,'2019-08-28 13:04:03','show me pageviews by product','rohith.shetty@brillio.com'),(135,'web',3,'2019-08-29 12:50:45','show me session by device','rohith.shetty@brillio.com'),(136,'web',1,'2019-08-28 13:06:01','show me top 3 product by pageviews','rohith.shetty@brillio.com'),(137,'phone',1,'2019-08-28 13:08:01','show me top 5 country  by pageviews','rohith.shetty@brillio.com'),(138,'web',1,'2019-08-28 14:17:49','show me sales where month is nov','akash.bais@brillio.com'),(139,'web',1,'2019-08-28 14:19:13','show me file_download where device is desktop','akash.bais@brillio.com'),(140,'web',2,'2019-08-28 15:07:34','Show me file_download by device','akash.bais@brillio.com'),(141,'web',2,'2019-08-28 15:06:00','show me downloads by device','akash.bais@brillio.com'),(142,'web',2,'2019-08-28 15:08:58','show me file_download by region','akash.bais@brillio.com'),(143,'web',8,'2019-08-29 15:25:39','show me prodtype by region','akash.bais@brillio.com'),(144,'web',1,'2019-08-28 14:35:24','show me pgviews by prod_type','nikita.k@brillio.com'),(145,'web',2,'2019-08-28 18:55:56','show me views by product','nikita.k@brillio.com'),(146,'web',2,'2020-03-05 12:06:44','show me downloads by region','akash.bais@brillio.com'),(147,'web',1,'2019-08-28 15:07:18','show me file_download','akash.bais@brillio.com'),(148,'web',1,'2019-08-28 15:08:12','show me file_download where region is APJ','akash.bais@brillio.com'),(149,'web',5,'2019-09-13 12:31:18','show me pgviews by region','akash.bais@brillio.com'),(150,'web',1,'2019-08-28 15:16:52','w','rohith.shetty@brillio.com'),(151,'web',1,'2019-08-28 15:39:57','show me sessions by region','rohith.shetty@brillio.com'),(152,'web',1,'2019-08-28 16:10:25','what are the top 10 country by visitor','rohith.shetty@brillio.com'),(153,'web',2,'2019-08-28 23:48:52','show me filedownload by product','rohith.shetty@brillio.com'),(154,'web',1,'2019-08-28 16:13:23','show me product by visitor','rohith.shetty@brillio.com'),(155,'web',2,'2019-08-28 23:45:05','show me top 2 product by pageviews ','rohith.shetty@brillio.com'),(156,'web',1,'2019-08-28 16:16:21','show me product by podcast','rohith.shetty@brillio.com'),(157,'web',1,'2019-08-28 16:17:17','show me podcast by product desc','rohith.shetty@brillio.com'),(158,'web',1,'2019-08-28 18:38:31','show me prodtype by month','akash.bais@brillio.com'),(159,'web',3,'2019-08-28 18:40:22','show me prodtype','akash.bais@brillio.com'),(160,'web',1,'2019-08-28 18:55:30','show me users by region','nikita.k@brillio.com'),(161,'web',11,'2019-11-12 16:42:13','show me sales by month','nikita.k@brillio.com'),(162,'web',6,'2019-08-29 13:44:30','show me visitor by device','rohith.shetty@brillio.com'),(163,'web',1,'2019-08-28 21:26:24','top 5 country by session','rohith.shetty@brillio.com'),(164,'web',1,'2019-08-28 21:28:14','what are the top 5 product by page_views','rohith.shetty@brillio.com'),(165,'phone',1,'2019-08-28 23:28:30','aaasddf','manmaya.champatiray@brillio.com'),(166,'phone',3,'2019-08-28 23:59:05','autsitzot','manmaya.champatiray@brillio.com'),(167,'web',1,'2019-08-28 23:46:04','what are the top 5 country by visitor ','rohith.shetty@brillio.com'),(168,'web',1,'2019-08-28 23:47:00','show me pageviews by month','rohith.shetty@brillio.com'),(169,'web',1,'2019-08-28 23:50:01','show me visitor by year','rohith.shetty@brillio.com'),(170,'phone',1,'2019-08-29 00:00:50','asaddf','manmaya.champatiray@brillio.com'),(171,'web',5,'2019-08-29 01:02:08','show me visitor by region','rohith.shetty@brillio.com'),(172,'web',1,'2019-08-29 00:58:31','what are the top 10 countries by session','rohith.shetty@brillio.com'),(173,'web',1,'2019-08-29 01:00:30','show me pgviews by region','rohith.shetty@brillio.com'),(174,'web',1,'2019-08-29 01:23:05','show me sales by continent and region','ashish.saraf@brillio.com'),(175,'web',6,'2019-10-24 12:07:38','Show me sales by region','ashish.saraf@brillio.com'),(176,'web',1,'2019-08-29 10:24:01','show me users by device','rohith.shetty@brillio.com'),(177,'web',1,'2019-08-29 10:26:47','what are the top 2 product by visits','rohith.shetty@brillio.com'),(178,'web',1,'2019-08-29 10:28:26','product by visitors','rohith.shetty@brillio.com'),(179,'web',2,'2019-08-29 13:40:00','show me top 2 country by visitor ','rohith.shetty@brillio.com'),(180,'phone',2,'2019-09-03 21:35:39','show me top 5 countries by visitor','rohith.shetty@brillio.com'),(181,'web',2,'2019-11-12 16:53:27','show me sales by region where continent is emea','nikita.k@brillio.com'),(182,'web',1,'2019-08-29 12:35:17','show me sales by region and month','nikita.k@brillio.com'),(183,'web',3,'2019-11-12 11:27:54','show me sales by product','nikita.k@brillio.com'),(184,'web',1,'2019-08-29 12:37:38','show me sales by country','nikita.k@brillio.com'),(185,'web',1,'2019-08-29 12:38:15','show me sales by bouncevisits and country','nikita.k@brillio.com'),(186,'web',3,'2019-08-29 12:49:23','show me visitors ','nikita.k@brillio.com'),(187,'web',1,'2019-08-29 12:43:01','show me sales by fiscalquarteryear by region','nikita.k@brillio.com'),(188,'web',1,'2019-08-29 12:43:53','show me bookings by fiscalquarteryear and fiscalquartermonth','nikita.k@brillio.com'),(189,'web',1,'2019-08-29 12:44:57','show me bookings by fiscalquartermonth','nikita.k@brillio.com'),(190,'web',1,'2019-08-29 12:45:19','show me visitors by fiscalmonthyear','nikita.k@brillio.com'),(191,'web',1,'2019-08-29 12:50:10','show me bookings by txndate','nikita.k@brillio.com'),(192,'web',3,'2019-11-12 15:39:42','show me bookings by txndate and fiscalmonthyear','nikita.k@brillio.com'),(193,'web',7,'2019-09-13 12:30:51','show me views by region','akash.bais@brillio.com'),(194,'web',1,'2019-08-29 12:56:05','show me views by continent','akash.bais@brillio.com'),(195,'web',1,'2019-08-29 13:02:15','what are the sales by country','nikita.k@brillio.com'),(196,'web',1,'2019-08-29 13:02:40','what are the sales in australia','nikita.k@brillio.com'),(197,'web',1,'2019-08-29 13:39:28','show me top 5 product by visitor ','rohith.shetty@brillio.com'),(198,'phone',1,'2019-08-29 13:43:53','show me top 5 country by product','rohith.shetty@brillio.com'),(199,'phone',1,'2019-08-29 13:44:12','show top 5 country by visitor','rohith.shetty@brillio.com'),(200,'phone',1,'2019-08-29 13:45:07','show me country by visits','rohith.shetty@brillio.com'),(201,'web',3,'2019-11-18 13:07:36','show me sales','akash.bais@brillio.com'),(202,'phone',1,'2019-08-29 14:22:14','Who is Vishal kumar','rohith.shetty@brillio.com'),(203,'web',1,'2019-08-29 15:01:51','show me users by region','akash.bais@brillio.com'),(204,'web',1,'2019-08-29 15:03:13','show me all the country','akash.bais@brillio.com'),(205,'web',1,'2019-08-29 15:03:51','show me country ','akash.bais@brillio.com'),(206,'web',2,'2020-03-05 12:06:14','shoe me countries','akash.bais@brillio.com'),(207,'web',1,'2019-08-29 15:04:14','show me users by product','nikita.k@brillio.com'),(208,'web',1,'2019-08-29 15:05:07','show me views by month','nikita.k@brillio.com'),(209,'web',1,'2019-08-29 15:05:55','show me users by device','nikita.k@brillio.com'),(210,'web',7,'2020-03-16 01:21:36','show me sales by order_type','akash.bais@brillio.com'),(211,'web',11,'2019-11-18 13:06:16','show me average sales','akash.bais@brillio.com'),(212,'web',1,'2019-08-29 15:27:54','what are sales by region','akash.bais@brillio.com'),(213,'web',1,'2019-08-29 15:30:54','what are sales by quarter','akash.bais@brillio.com'),(214,'web',1,'2019-08-29 15:33:34','show me all the regions','akash.bais@brillio.com'),(215,'web',2,'2019-08-29 15:45:57','show me all the region','akash.bais@brillio.com'),(216,'web',2,'2019-11-12 17:53:21','show me region','akash.bais@brillio.com'),(217,'web',2,'2019-08-29 15:46:04','show me list of region','akash.bais@brillio.com'),(218,'web',1,'2019-08-29 15:46:15','what are the different region ','akash.bais@brillio.com'),(219,'web',2,'2019-09-13 12:37:08','Show me a list of region','akash.bais@brillio.com'),(220,'web',4,'2019-11-12 18:05:48','show me a list of sub_theater','akash.bais@brillio.com'),(221,'web',7,'2019-11-27 17:12:13','show me sales by txndate','akash.bais@brillio.com'),(222,'web',1,'2019-08-29 15:51:58','show me a list of calmonth','akash.bais@brillio.com'),(223,'web',1,'2019-08-29 15:53:39','show me a list of productlinecode','akash.bais@brillio.com'),(224,'web',1,'2019-08-29 15:54:41','show me a list of order_type','akash.bais@brillio.com'),(225,'phone',1,'2019-08-29 18:36:31','Top country by visitors','rohith.shetty@brillio.com'),(226,'web',2,'2019-10-09 12:15:14','show me sales by quarter','akash.bais@brillio.com'),(227,'web',1,'2019-08-29 20:15:36','Show me sales by prodline','akash.bais@brillio.com'),(228,'web',1,'2019-08-29 20:16:43','Show me sales by prodgrup','akash.bais@brillio.com'),(229,'web',1,'2019-08-29 20:18:45','show me sales by sub_theater','akash.bais@brillio.com'),(230,'web',1,'2019-08-29 20:20:27','show me sales by Show me sales by calmonth','akash.bais@brillio.com'),(231,'web',1,'2019-08-29 20:31:21','Show me sales by fiscalmonthyear','akash.bais@brillio.com'),(232,'web',2,'2019-11-12 18:26:44','Show me sales where region is CEEMA','akash.bais@brillio.com'),(233,'web',1,'2019-08-29 21:11:23','Show me sales where productlinecode is 1U','akash.bais@brillio.com'),(234,'web',1,'2019-08-29 21:12:50','Show me sales where productgroup is DCS','akash.bais@brillio.com'),(235,'web',1,'2019-08-29 21:14:04','Show me sales where sub_theater is EMEA','akash.bais@brillio.com'),(236,'web',1,'2019-09-02 23:18:42','show me visits by product','rohith.shetty@brillio.com'),(237,'web',1,'2019-09-03 11:55:13','tell me top 5 regions by sales','akash.bais@brillio.com'),(238,'web',1,'2019-09-03 11:57:48','tell me top regions by sales','akash.bais@brillio.com'),(239,'web',1,'2019-09-03 12:01:06','what are top 3 regions by sales','akash.bais@brillio.com'),(240,'web',1,'2019-09-03 12:03:39','what are average sales by region','akash.bais@brillio.com'),(241,'web',1,'2019-09-03 12:07:43','Show me region with most sales','akash.bais@brillio.com'),(242,'web',1,'2019-09-03 12:16:37','show me date with most sales','akash.bais@brillio.com'),(243,'web',1,'2019-09-03 12:18:03','show me device by total seconds spent','nikita.k@brillio.com'),(244,'web',1,'2019-09-03 12:18:15','show me total seconds spent','nikita.k@brillio.com'),(245,'web',1,'2019-09-03 12:18:35','show me total_seconds_spent','nikita.k@brillio.com'),(246,'web',2,'2019-09-03 12:19:42','show me product_type','nikita.k@brillio.com'),(247,'web',1,'2019-09-03 12:19:28','show me products','nikita.k@brillio.com'),(248,'web',1,'2019-09-03 12:20:15','Tell me average sales for calmonth equal Nov','akash.bais@brillio.com'),(249,'web',1,'2019-09-03 13:16:56','show me sales by region where calmonth is Nov','akash.bais@brillio.com'),(250,'web',1,'2019-09-03 13:25:40','show me sales by region where calmonth equals Nov','akash.bais@brillio.com'),(251,'web',1,'2019-09-03 13:40:33','what is top sales where region is CEEMA','akash.bais@brillio.com'),(252,'web',1,'2019-09-03 13:45:22','Show me sum of booking_quantity by region','akash.bais@brillio.com'),(253,'web',2,'2020-03-16 01:21:28','show me all the order_type where region is CEEMA','akash.bais@brillio.com'),(254,'web',1,'2019-09-03 13:56:40','Show me total number of productlinecode ','akash.bais@brillio.com'),(255,'web',1,'2019-09-03 13:58:06',' show me sum of all sales greater than 500','akash.bais@brillio.com'),(256,'web',1,'2019-09-03 13:59:32','show me sales greater than 500','akash.bais@brillio.com'),(257,'web',1,'2019-09-03 14:02:10','show me average of all sales greater than 500','akash.bais@brillio.com'),(258,'web',1,'2019-09-03 14:06:26','Show me total number of sales greater than 500','akash.bais@brillio.com'),(259,'phone',2,'2019-09-03 22:30:46','show me visitor by product','rohith.shetty@brillio.com'),(260,'web',1,'2019-09-03 22:27:00','show me top 5 product by session','rohith.shetty@brillio.com'),(261,'web',1,'2019-09-03 22:27:30','show me top 10 country by visitors','rohith.shetty@brillio.com'),(262,'web',1,'2019-09-03 22:28:41','show me top 2 product by visits','rohith.shetty@brillio.com'),(263,'web',1,'2019-09-03 22:29:09','what are top 5 product by session','rohith.shetty@brillio.com'),(264,'web',1,'2019-09-03 22:29:30','show me visits by region','rohith.shetty@brillio.com'),(265,'phone',1,'2019-09-03 22:31:23','show me top 5 countries by visits','rohith.shetty@brillio.com'),(266,'web',1,'2019-09-04 12:13:55','show me users by prodtype','nikita.k@brillio.com'),(267,'web',1,'2019-09-04 12:14:44','show me bouncevisits by visitors','nikita.k@brillio.com'),(268,'web',1,'2019-09-04 12:15:10','show me product by region','nikita.k@brillio.com'),(269,'web',1,'2019-09-04 12:19:25','show me bouncevisits by prodtype','nikita.k@brillio.com'),(270,'web',5,'2019-09-04 12:27:47','show me visitors by region','nikita.k@brillio.com'),(271,'web',1,'2019-09-04 12:30:26','show me quantity by prodgp','manmaya.champatiray@brillio.com'),(272,'web',1,'2019-09-04 12:31:05','show me sales by prodgp','manmaya.champatiray@brillio.com'),(273,'web',2,'2019-09-11 15:22:49','show me the views by region','nikita.k@brillio.com'),(274,'web',1,'2019-09-04 20:17:11','show me pviews by region','nikita.k@brillio.com'),(275,'web',1,'2019-09-04 20:17:25','show me vviews by region','nikita.k@brillio.com'),(276,'web',1,'2019-09-04 20:17:48','show me vviews by country','nikita.k@brillio.com'),(277,'web',1,'2019-09-04 20:18:09','which country has highest vviews','nikita.k@brillio.com'),(278,'web',1,'2019-09-04 20:18:33','show me vviews by country sort by vviews','nikita.k@brillio.com'),(279,'web',1,'2019-09-04 20:21:03','what are the top 5 countries by vviews','nikita.k@brillio.com'),(280,'web',1,'2019-09-04 20:21:21','show me top 3 countries by views','nikita.k@brillio.com'),(281,'web',1,'2019-09-04 20:21:36','show me top 3 countries by vviews','nikita.k@brillio.com'),(282,'web',1,'2019-09-04 20:23:25','show me vviews by month','nikita.k@brillio.com'),(283,'web',1,'2019-09-05 00:19:42','what are booking by year','nikita.k@brillio.com'),(284,'web',1,'2019-09-05 00:20:00','what are bookings by fiscalquarteryear','nikita.k@brillio.com'),(285,'web',1,'2019-09-05 14:28:38','hi','manmaya.champatiray@brillio.com'),(286,'web',1,'2019-09-06 14:30:23','show me top five regions by sale','nikita.k@brillio.com'),(287,'web',1,'2019-09-09 09:56:30','sales by region','ashish.saraf@brillio.com'),(288,'web',4,'2019-10-09 13:32:24','Show me sales by continent','ashish.saraf@brillio.com'),(289,'web',19,'2020-03-16 01:23:52','show me sales by calmonth','nikita.k@brillio.com'),(290,'web',2,'2019-10-09 14:08:25','show me the top 5 regions by quantity','nikita.k@brillio.com'),(291,'web',1,'2019-09-09 19:27:59','show me the top 5 regions by sales','nikita.k@brillio.com'),(292,'web',2,'2019-09-10 09:08:12','sales by month','ashish.saraf@brillio.com'),(293,'web',3,'2019-09-26 14:15:10','show me sales by month','ashish.saraf@brillio.com'),(294,'web',1,'2019-09-11 12:15:58','show me top 5 device by visitor desc','nikita.k@brillio.com'),(295,'web',2,'2019-11-12 16:50:12','show me top 3 sales by region','nikita.k@brillio.com'),(296,'web',8,'2019-11-18 10:18:48','show me top sales by region','nikita.k@brillio.com'),(297,'web',2,'2019-09-11 16:40:16','show me top 10 sales by region','nikita.k@brillio.com'),(298,'web',1,'2019-09-11 12:28:37','region','nikita.k@brillio.com'),(299,'web',1,'2019-09-11 12:28:59','Show me stock prices by region','nikita.k@brillio.com'),(300,'web',1,'2019-09-11 12:29:46','show me top 5 shares by region','nikita.k@brillio.com'),(301,'web',26,'2019-11-18 13:43:40','show me top 5 sales by region','nikita.k@brillio.com'),(302,'web',1,'2019-09-11 13:14:24','nn','nikita.k@brillio.com'),(303,'web',4,'2019-09-11 17:16:19','show me sales by region continent where continent as emea','nikita.k@brillio.com'),(304,'web',2,'2019-10-09 11:29:03','show me top 5 region by sales','nikita.k@brillio.com'),(305,'web',2,'2019-09-13 12:34:07','n','nikita.k@brillio.com'),(306,'web',1,'2019-09-11 14:11:54','j','nikita.k@brillio.com'),(307,'web',1,'2019-09-11 14:12:08','sho','nikita.k@brillio.com'),(308,'web',1,'2019-09-11 14:21:04','show me  top region by sales','nikita.k@brillio.com'),(309,'web',1,'2019-09-11 15:11:32','productlinecode','nikita.k@brillio.com'),(310,'web',7,'2019-11-12 10:47:20','bookingamtt by region','nikita.k@brillio.com'),(311,'web',1,'2019-09-11 15:22:42','show me top 5 country by pgviews for region as apj','nikita.k@brillio.com'),(312,'web',1,'2019-09-11 16:20:09','show me total sales','nikita.k@brillio.com'),(313,'web',1,'2019-09-11 16:40:37','show me top 10 sales','nikita.k@brillio.com'),(314,'web',1,'2019-09-11 16:40:47','show me top 2 sales by region','nikita.k@brillio.com'),(315,'web',1,'2019-09-11 16:43:35','productgroup','nikita.k@brillio.com'),(316,'web',1,'2019-09-12 13:07:20','show mes sales by region','nikita.k@brillio.com'),(317,'web',1,'2019-09-12 13:29:53','show me sales  by region','nikita.k@brillio.com'),(318,'web',1,'2019-09-13 11:05:45','Show me a list of all regions','akash.bais@brillio.com'),(319,'web',1,'2019-09-13 11:05:59','show me a list of all region','akash.bais@brillio.com'),(320,'web',1,'2019-09-13 11:07:04','show me page_views by region','akash.bais@brillio.com'),(321,'web',2,'2019-09-13 12:19:40','show me type by region','nikita.k@brillio.com'),(322,'web',1,'2019-09-13 12:12:02','show me region','nikita.k@brillio.com'),(323,'web',4,'2019-09-13 13:02:57','show me bookingamt by region','nikita.k@brillio.com'),(324,'web',1,'2019-09-13 12:21:17','show me pgviews by region','himanshu.b@brillio.com'),(325,'web',1,'2019-09-13 12:23:50','show me pgviews by region and product','himanshu.b@brillio.com'),(326,'web',1,'2019-09-13 12:34:44','show me bv by region','akash.bais@brillio.com'),(327,'web',1,'2019-09-13 12:38:46','show me fd by region','akash.bais@brillio.com'),(328,'web',1,'2019-09-13 12:44:42','show me pf by region','akash.bais@brillio.com'),(329,'web',1,'2019-09-13 12:50:05','show me vd by region','akash.bais@brillio.com'),(330,'web',131,'2019-09-26 15:03:29','show me bookingquantity by subtheatre','nikita.k@brillio.com'),(331,'web',1,'2019-09-13 12:51:26','show me vv by region','akash.bais@brillio.com'),(332,'web',1,'2019-09-13 12:54:33','give me ss by region','akash.bais@brillio.com'),(333,'web',2,'2019-09-13 13:05:16','show me bookingqu','nikita.k@brillio.com'),(334,'web',578,'2019-12-08 19:25:35','show me bookingquantity by region','nikita.k@brillio.com'),(335,'web',1,'2019-09-13 16:59:24','Show me ss where region is APJ','akash.bais@brillio.com'),(336,'web',2,'2019-09-13 17:02:10','Show me ss where region equal APJ','akash.bais@brillio.com'),(337,'web',1,'2019-09-13 17:01:46','show me ss by region','akash.bais@brillio.com'),(338,'web',1,'2019-09-13 17:03:43','show me ss where region equals APJ','akash.bais@brillio.com'),(339,'web',1,'2019-09-13 17:09:10','show me total of ss where region is apj','akash.bais@brillio.com'),(340,'web',1,'2019-09-13 17:13:22','Show me total of vv where region is APJ','akash.bais@brillio.com'),(341,'web',1,'2019-09-13 17:23:33','show me total fd where region is apj','akash.bais@brillio.com'),(342,'web',1,'2019-09-13 17:26:16','Show me average of ss where region is APJ','akash.bais@brillio.com'),(343,'web',1,'2019-09-13 17:29:50','Show me average of fd where region is APJ','akash.bais@brillio.com'),(344,'web',1,'2019-09-13 17:36:46','Show me pd by region','akash.bais@brillio.com'),(345,'web',1,'2019-09-13 17:42:27','tell me top 5 regions by pv','akash.bais@brillio.com'),(346,'web',1,'2019-09-13 17:43:45','show me top 5 regions by pv','akash.bais@brillio.com'),(347,'web',1,'2019-09-13 17:46:23','show me top 5 regions by fd','akash.bais@brillio.com'),(348,'web',1,'2019-09-13 17:50:13','top 3 regions by fd','akash.bais@brillio.com'),(349,'web',1,'2019-09-13 17:50:55','top 3 region by ss','akash.bais@brillio.com'),(350,'web',1,'2019-09-13 17:52:23','top 2 region by fd','akash.bais@brillio.com'),(351,'web',1,'2019-09-13 17:52:51','top 2 region by ss','akash.bais@brillio.com'),(352,'web',1,'2019-09-13 17:58:43','show me top region by ss','akash.bais@brillio.com'),(353,'web',1,'2019-09-13 18:02:55','top region by ss','akash.bais@brillio.com'),(354,'web',1,'2019-09-13 18:03:13','top region by fd','akash.bais@brillio.com'),(355,'web',1,'2019-09-13 18:04:03','top five region by ss','akash.bais@brillio.com'),(356,'web',1,'2019-09-13 18:06:35','Show me top ss where region is apj','akash.bais@brillio.com'),(357,'web',1,'2019-09-13 18:08:09','Show me sum of ss by region ','akash.bais@brillio.com'),(358,'web',1,'2019-09-13 18:11:40','sum of all ss greater than 0','akash.bais@brillio.com'),(359,'web',1,'2019-09-13 18:11:54','ss by region ','akash.bais@brillio.com'),(360,'web',1,'2019-09-13 18:12:19','sum of ss greater than 1 ','akash.bais@brillio.com'),(361,'web',2,'2019-09-17 17:59:55','show me bookingq','nikita.k@brillio.com'),(362,'web',1,'2019-09-17 15:24:58','show me bookingquant','nikita.k@brillio.com'),(363,'web',1,'2019-09-17 17:57:58','sub','nikita.k@brillio.com'),(364,'web',1716,'2019-12-09 11:49:28','show me booking_quantity by region','nikita.k@brillio.com'),(365,'web',1,'2019-09-18 11:52:44','bookingq','nikita.k@brillio.com'),(366,'web',6,'2019-11-12 15:41:10','show me booking_quantity by subtheatre','nikita.k@brillio.com'),(367,'web',23,'2019-10-04 15:29:07','show me booking_quantity by sub_theater','nikita.k@brillio.com'),(368,'web',1,'2019-09-18 12:24:44','show me visitors by region','akash.bais@brillio.com'),(369,'web',1,'2019-09-18 12:33:04','show me boo','nikita.k@brillio.com'),(370,'web',2,'2019-09-18 14:11:58','show me bookings by productlinecode','nikita.k@brillio.com'),(371,'web',1,'2019-09-18 13:28:44','show me bookins by fiscalquarteryear','nikita.k@brillio.com'),(372,'web',4,'2019-11-12 16:22:19','show me quantity by continent','nikita.k@brillio.com'),(373,'web',7,'2019-10-01 17:30:36','show me bookingquantity by region and subtheatre','nikita.k@brillio.com'),(374,'web',16,'2019-11-12 10:36:04','show me bookingquantity by subtheater','nikita.k@brillio.com'),(375,'web',1,'2019-09-26 14:09:12','show me sales by product','ashish.saraf@brillio.com'),(376,'web',1,'2019-09-26 14:13:38','show me sales by region desc order','ashish.saraf@brillio.com'),(377,'web',3,'2019-10-23 22:22:01','show me monthly sales','ashish.saraf@brillio.com'),(378,'web',1,'2019-09-26 14:15:44','show me regions with total sales less than 5000','ashish.saraf@brillio.com'),(379,'web',1,'2019-09-26 14:16:01','show me region with total sales less than 10000','ashish.saraf@brillio.com'),(380,'web',1,'2019-09-27 16:36:21','show me top 5 booking_quantity by region','manmaya.champatiray@brillio.com'),(381,'web',14,'2019-11-12 16:23:34','show me bookingquantity by sub_theater','nikita.k@brillio.com'),(382,'web',4,'2019-10-18 11:27:02','show me sales by region','sandhya.balakrishnan@brillio.com'),(383,'web',3,'2019-10-18 11:23:30','show me sales by Quarter','sandhya.balakrishnan@brillio.com'),(384,'web',3,'2019-10-09 12:10:14','show me sales by Month','sandhya.balakrishnan@brillio.com'),(385,'web',4,'2019-10-18 11:22:32','show me sales where month is NOv','sandhya.balakrishnan@brillio.com'),(386,'web',1,'2019-10-04 15:13:49','show me total sales where month is Nov','sandhya.balakrishnan@brillio.com'),(387,'web',4,'2019-10-18 11:22:20','show me total sales where CalMonth in Nov','sandhya.balakrishnan@brillio.com'),(388,'web',2,'2019-10-09 12:06:26','show me sales by ORDER_TYPE','sandhya.balakrishnan@brillio.com'),(389,'web',2,'2019-10-09 12:06:45','show me top 5 sales by ORDER_TYPE','sandhya.balakrishnan@brillio.com'),(390,'web',1,'2019-10-04 15:20:17','what is top sales where region is CEEMA','sandhya.balakrishnan@brillio.com'),(391,'web',1,'2019-10-04 15:37:10','show me top 5 sales where CalMonth in Nov','sandhya.balakrishnan@brillio.com'),(392,'web',2,'2019-10-09 12:06:04','show me average sales where CalMonth in Nov','sandhya.balakrishnan@brillio.com'),(393,'web',1,'2019-10-09 11:07:15','sh','manmaya.champatiray@brillio.com'),(394,'phone',1,'2019-10-09 11:24:30','Show me average sales for November','sandhya.balakrishnan@brillio.com'),(395,'web',7,'2019-11-18 13:49:22','show me top 5 regions by sales ','nikita.k@brillio.com'),(396,'phone',2,'2019-10-09 19:48:00','Show me sales for November','sandhya.balakrishnan@brillio.com'),(397,'web',1,'2019-10-09 12:03:33','show me sales by quarter','nikita.k@brillio.com'),(398,'web',3,'2019-10-18 11:23:13','show me total sales where CalMonth is equal to Nov','sandhya.balakrishnan@brillio.com'),(399,'web',1,'2019-10-09 12:13:46','	show me sales by region','akash.bais@brillio.com'),(400,'phone',1,'2019-10-09 12:15:37','Show me sales by Month','akash.bais@brillio.com'),(401,'phone',1,'2019-10-09 12:16:27','Show me total sales where CalMonth is Nov','akash.bais@brillio.com'),(402,'phone',1,'2019-10-09 12:17:24','Show me average sales where CalMonth is Nov','akash.bais@brillio.com'),(403,'phone',1,'2019-10-09 12:18:33','Show me top 5 sales bt ORDER_TYPE','akash.bais@brillio.com'),(404,'phone',1,'2019-10-09 12:19:20','Show me top 5 sales by ORDER_TYPE','akash.bais@brillio.com'),(405,'web',1,'2019-10-09 12:36:33','Show me total sales where CalMonth is Nov','sandhya.balakrishnan@brillio.com'),(406,'web',1,'2019-10-09 12:36:45','Show me average  sales where CalMonth is Nov','sandhya.balakrishnan@brillio.com'),(407,'web',1,'2019-10-09 14:07:50','show me sales by ','nikita.k@brillio.com'),(408,'phone',1,'2019-10-09 19:48:20','Show me sales by product','sandhya.balakrishnan@brillio.com'),(409,'web',2,'2019-11-12 15:36:59','show me bookings by order_type','nikita.k@brillio.com'),(410,'web',1,'2019-10-11 13:30:51','show me bookings by order_type and region','nikita.k@brillio.com'),(411,'web',4,'2019-11-19 16:02:50','show me bookings and booking_quantity by region','nikita.k@brillio.com'),(412,'web',1,'2019-10-16 19:53:11','Top 5 Campaign_Vehicle by Total_Leads','akash.bais@brillio.com'),(413,'web',1,'2019-10-16 19:53:40','Show me Top 5 Campaign_Vehicle group by Total_Leads','akash.bais@brillio.com'),(414,'web',1,'2019-10-16 19:55:21','show me Top 5 Total_Leads by Campaign_Vehicle ','akash.bais@brillio.com'),(415,'web',1,'2019-10-16 19:56:35','show me average Total_Leads by Campaign_Vehicle ','akash.bais@brillio.com'),(416,'web',1,'2019-10-16 19:57:59','show me TotalLeads by CampaignVehicle','akash.bais@brillio.com'),(417,'web',1,'2019-10-16 19:59:11','show me average Total_Pipeline group by Country','akash.bais@brillio.com'),(418,'web',4,'2019-10-17 15:08:39','show me Total_Leads by Traffic_Type','akash.bais@brillio.com'),(419,'web',9,'2019-10-18 21:51:40','Show me Top 5 Campaign_Vehicle by Total_Leads','akash.bais@brillio.com'),(420,'web',3,'2019-10-18 18:23:10','show me average of Total_Pipeline by Country where Region is  APJ ','akash.bais@brillio.com'),(421,'web',1,'2019-10-17 14:30:52','Show me Existing_Pipeline and New_Pipeline by FocusLOB','akash.bais@brillio.com'),(422,'web',1,'2019-10-17 14:32:14','Show me Top 10 Account_Name by MRL where Created_Week is 2020W29','akash.bais@brillio.com'),(423,'web',1,'2019-10-17 14:34:23','Show me Top 10 Account_Name by MRL where Created_Week is 2020-W29','akash.bais@brillio.com'),(424,'web',1,'2019-10-17 14:42:53','show me sum of  Total_Leads by Traffic_Type','akash.bais@brillio.com'),(425,'web',1,'2019-10-17 14:43:45','show me average of Total_Leads by Traffic_Type','akash.bais@brillio.com'),(426,'web',1,'2019-10-17 14:48:26','Show me Top 10 Account_Name by Traffic_Type where Created_Week equals 2020-W29','akash.bais@brillio.com'),(427,'web',1,'2019-10-17 14:55:52','Show me total  OpportunityWon by Traffic_Type where Created_Week equals 2020-W29','akash.bais@brillio.com'),(428,'web',4,'2019-10-19 12:46:33','Show me total of OpportunityWon by traffic_type where Created_Week equals 2020-W29','akash.bais@brillio.com'),(429,'web',2,'2019-10-17 15:09:46','Show me total of Total_Leads by Traffic_Type ','akash.bais@brillio.com'),(430,'web',2,'2019-10-17 15:13:38','Show me sum of Total_Leads by Traffic_Type ','akash.bais@brillio.com'),(431,'web',2,'2019-10-18 18:38:12','Show me MRL by Region','akash.bais@brillio.com'),(432,'web',1,'2019-10-17 15:17:08','show me Total_Pipeline by Country where Region is  APJ','akash.bais@brillio.com'),(433,'web',1,'2019-10-17 16:45:31','Show me Top 5 Campaign_Vehicle by Total_Leads','rohith.shetty@brillio.com'),(434,'web',1,'2019-10-17 16:46:23','show me total_pipeline by country where region is APJ','rohith.shetty@brillio.com'),(435,'web',1,'2019-10-17 16:47:01','Show me Top 5 Campaign_Vehicle by TotalLeads','rohith.shetty@brillio.com'),(436,'web',1,'2019-10-17 16:47:44','Show me Top 5 CampaignVehicle by TotalLeads','rohith.shetty@brillio.com'),(437,'web',3,'2019-10-17 16:50:55','show me TotalPipeline by Country where Region is APJ','rohith.shetty@brillio.com'),(438,'web',4,'2019-10-23 15:34:19','Show me Top 5 ParentVehicle by SRL','rohith.shetty@brillio.com'),(439,'web',1,'2019-10-17 16:55:54','Show me total of OpportunityWon by traffictype where CreatedWeek equals 2020-W29','rohith.shetty@brillio.com'),(440,'web',3,'2019-10-22 20:59:30','Show me Top 5 Regions by pipeline ','rohith.shetty@brillio.com'),(441,'web',1,'2019-10-17 17:12:28','Top 10 Countries by pipeline in APJ Region','rohith.shetty@brillio.com'),(442,'web',1,'2019-10-17 17:13:57','Top 10 Countries by pipeline where Region is APJ','rohith.shetty@brillio.com'),(443,'web',8,'2019-10-23 15:48:59','show me pipeline by Country where Region is APJ','rohith.shetty@brillio.com'),(444,'web',2,'2019-10-17 17:16:57','Top countries in APJ driving more pipeline','rohith.shetty@brillio.com'),(445,'web',1,'2019-10-17 17:17:28','show me Pipeline by Country where Region is APJ ','rohith.shetty@brillio.com'),(446,'web',1,'2019-10-17 17:17:56','show me Pipeline by Country where Region isAPJ','rohith.shetty@brillio.com'),(447,'web',1,'2019-10-17 17:18:17','show me TotalPipeline by Country where Region is APJ ','rohith.shetty@brillio.com'),(448,'web',1,'2019-10-17 17:24:05','Show me top 5 Campaigns by pipeline in japan','rohith.shetty@brillio.com'),(449,'web',1,'2019-10-17 17:24:59','Show me top 5 Campaigns by pipeline where country is japan','rohith.shetty@brillio.com'),(450,'web',2,'2019-10-17 18:35:35','Show me top 5 MarketingCampaign by pipeline where country is japan','rohith.shetty@brillio.com'),(451,'web',1,'2019-10-17 18:36:57',' Campaignvehicle by pipeline where MarketingCampaign equals campaign3','rohith.shetty@brillio.com'),(452,'web',1,'2019-10-17 18:37:29','Show me Campaignvehicle by pipeline where MarketingCampaign equals campaign3','rohith.shetty@brillio.com'),(453,'web',1,'2019-10-17 18:39:05','Show me top 5 Campaignvehicle by pipeline where MarketingCampaign equals campaign3','rohith.shetty@brillio.com'),(454,'web',1,'2019-10-17 18:41:06','Show me Pipeline trend by createdweek for Campaignvehicle where equals Campaignvehicle5','rohith.shetty@brillio.com'),(455,'web',1,'2019-10-17 18:42:32','Show me Pipeline trend by CreatedQuarter for Campaignvehicle where equals Campaignvehicle5','rohith.shetty@brillio.com'),(456,'web',1,'2019-10-18 11:22:43','show me sales where calmonth nov','sandhya.balakrishnan@brillio.com'),(457,'web',1,'2019-10-18 12:11:57','show me average of Total_Pipeline by Country where Region is APJ','akash.bais@brillio.com'),(458,'web',10,'2019-10-23 15:48:26','Show me Regions by pipeline','rohith.shetty@brillio.com'),(459,'web',4,'2019-10-23 15:49:36','Show me Campaign by pipeline where country is japan','rohith.shetty@brillio.com'),(460,'web',3,'2019-10-22 20:05:01','Show me top 5 vehicle by pipeline where Campaign equals campaign3 ','rohith.shetty@brillio.com'),(461,'web',1,'2019-10-18 17:12:03','Show me Pipeline trend by Quarter for vehicle where equals vehicle5 ','rohith.shetty@brillio.com'),(462,'web',1,'2019-10-18 18:21:52','Show me total OpportunityWon by Traffic_Type where Created_Week equals 2020-W29','akash.bais@brillio.com'),(463,'web',1,'2019-10-18 18:32:01','show me Total_Leads by Country where Region is  APJ','akash.bais@brillio.com'),(464,'web',1,'2019-10-18 18:41:38','show me Campaign_Vehicle by Country where Region is  APJ','akash.bais@brillio.com'),(465,'web',1,'2019-10-18 18:45:30','Show me Top 5 Total_Pipeline by Total_Leads','akash.bais@brillio.com'),(466,'web',1,'2019-10-18 18:46:14','Show me Total_Pipeline by Total_Leads','akash.bais@brillio.com'),(467,'web',1,'2019-10-18 18:47:21','Show me Campaign_Vehicle by Total_Leads where Region is  APJ','akash.bais@brillio.com'),(468,'web',1,'2019-10-18 18:54:12','Show me total of OpportunityWon by Total_Leads where Created_Week equals 2020-W29','akash.bais@brillio.com'),(469,'web',2,'2019-10-18 19:01:11','Show me Total_Leads by Campaign_Vehicle ','akash.bais@brillio.com'),(470,'web',2,'2019-10-18 19:02:15','Show me Total_Leads  by Campaign_Vehicle where Region is  APJ','akash.bais@brillio.com'),(471,'web',1,'2019-10-18 19:18:14','Show me total of Campaign_Vehicle by Total_Leads','akash.bais@brillio.com'),(472,'web',1,'2019-10-18 21:45:00','Show me total of MarketingCampaigby region','akash.bais@brillio.com'),(473,'web',1,'2019-10-18 21:49:50','Show me Top 5 region by MarketingCampaign','akash.bais@brillio.com'),(474,'web',1,'2019-10-18 23:20:23','Show me total of TotalLeads by MarketingCampaign','akash.bais@brillio.com'),(475,'web',1,'2019-10-18 23:26:14','Show me total of OpportunityWon by MarketingCampaign','akash.bais@brillio.com'),(476,'web',1,'2019-10-18 23:27:22','Show me total of OpportunityWon by MarketingCampaign  where Created_Week equals 2020-W29','akash.bais@brillio.com'),(477,'web',1,'2019-10-18 23:41:33','Show me total of OpportunityWon by MarketingCampaign  where Region equals APJ','akash.bais@brillio.com'),(478,'web',1,'2019-10-19 12:40:41','Show me total of OpportunityWon  where Created_Week equals 2020-W29','akash.bais@brillio.com'),(479,'web',1,'2019-10-19 12:48:18','Show me average of OpportunityWon by traffic_type where Created_Week equals 2020-W29','akash.bais@brillio.com'),(480,'web',1,'2019-10-19 12:50:42','Show me top 3 MarketingCampaign by OpportunityWon','akash.bais@brillio.com'),(481,'web',2,'2019-10-21 12:27:59','Show me top 3 MarketingCampaign by TotalLeads ','akash.bais@brillio.com'),(482,'web',6,'2020-03-16 01:21:15','show me 3 MarketingCampaign by Followup_Actioned','akash.bais@brillio.com'),(483,'web',5,'2020-03-05 12:06:30','Show me top 3 Campaign by TotalLeads ','akash.bais@brillio.com'),(484,'web',2,'2019-10-21 12:52:47','show me top 3 Campaign by Followup_Actioned','akash.bais@brillio.com'),(485,'web',2,'2019-10-21 12:55:42','Show me total of OpportunityWon where Campaign equals CAMPAIGN3','akash.bais@brillio.com'),(486,'web',2,'2019-10-21 12:59:41','Show me total of OpportunityWon where Week equals 2020-W29','akash.bais@brillio.com'),(487,'web',2,'2019-10-21 13:01:38','Show me average of OpportunityWon by TrafficType where Week equals 2020-W29','akash.bais@brillio.com'),(488,'web',1,'2019-10-21 12:14:20','show me FW by Region','nikita.k@brillio.com'),(489,'web',1,'2019-10-21 12:14:57','show me :Leads by Region','nikita.k@brillio.com'),(490,'web',1,'2019-10-21 12:18:09','show me top 3 campaigns by leads','akash.bais@brillio.com'),(491,'web',1,'2019-10-21 12:18:22','show me top 3 campaign by leads','akash.bais@brillio.com'),(492,'web',1,'2019-10-21 12:20:11','show me campaign by totalleads','akash.bais@brillio.com'),(493,'web',3,'2019-10-21 12:27:26','show me marketingcampaign by totalleads','akash.bais@brillio.com'),(494,'web',1,'2019-10-21 12:22:03','show me MarketingCampaign by TotalLeads','nikita.k@brillio.com'),(495,'web',1,'2019-10-21 12:26:26','show me bookings and bookingquantity by region','nikita.k@brillio.com'),(496,'web',2,'2019-10-21 15:25:52','show me OpportunityWon by region','akash.bais@brillio.com'),(497,'web',5,'2019-10-21 15:18:58','show me OpportunityWon by pipeline','akash.bais@brillio.com'),(498,'web',2,'2019-10-21 15:26:41','show me region by pipeline','akash.bais@brillio.com'),(499,'web',1,'2019-10-21 15:21:01','show me regions by pipeline','akash.bais@brillio.com'),(500,'web',1,'2019-10-21 15:27:42','show me pipeline by country where region is APJ','akash.bais@brillio.com'),(501,'web',1,'2019-10-21 15:29:00','show me campaign by pipeline where country is japan','akash.bais@brillio.com'),(502,'web',1,'2019-10-21 15:29:58','Show me top 5 vehicle by pipeline where Campaign equals campaign3 ','akash.bais@brillio.com'),(503,'web',1,'2019-10-22 18:35:43','1)	Show me OpportunityWon by region','rohith.shetty@brillio.com'),(504,'phone',1,'2019-10-22 20:07:06','Show me region by pipeline','rohith.shetty@brillio.com'),(505,'web',2,'2019-10-23 15:47:52','Show me OpportunityWon by region','rohith.shetty@brillio.com'),(506,'phone',1,'2019-10-22 21:05:10','Show me pipeline by region','rohith.shetty@brillio.com'),(507,'web',1,'2019-10-23 15:33:51','show me opportunity won by region','rohith.shetty@brillio.com'),(508,'web',1,'2019-10-23 22:22:38','shoe me sales by month','ashish.saraf@brillio.com'),(509,'web',1,'2019-10-23 22:30:32','Show me TrafficType by SQL','akash.bais@brillio.com'),(510,'web',1,'2019-10-23 22:55:28','show me region with sales less than 5000','ashish.saraf@brillio.com'),(511,'web',1,'2019-10-24 13:18:27','1) Show me OpportunityWon by region','rohith.shetty@brillio.com'),(512,'web',1,'2019-10-24 13:18:40','2)	Show me Regions by pipeline','rohith.shetty@brillio.com'),(513,'web',1,'2019-10-24 13:18:49','3)	show me pipeline by Country where Region is APJ ','rohith.shetty@brillio.com'),(514,'web',1,'2019-10-24 13:18:58','4)	Show me Campaign by pipeline where country is japan ','rohith.shetty@brillio.com'),(515,'web',1,'2019-10-24 13:19:05','5)	Show me top 5 vehicle by pipeline where Campaign equals campaign3 ','rohith.shetty@brillio.com'),(516,'web',2,'2019-11-12 14:57:33','sales by month','nikita.k@brillio.com'),(517,'web',1,'2019-10-30 17:42:21','show me booking_quantity by region`','nikita.k@brillio.com'),(518,'web',2,'2019-11-12 16:20:19','show me sales by region desc','manmaya.champatiray@brillio.com'),(519,'web',1,'2019-11-03 03:12:12','salesTOT_LIST_PR_USD_AM','manmaya.champatiray@brillio.com'),(520,'web',1,'2019-11-07 15:39:31','top1 sales by region','nikita.k@brillio.com'),(521,'web',1,'2019-11-07 15:40:05','show me top 1 sales by region','nikita.k@brillio.com'),(522,'web',4,'2019-11-22 16:36:03','sales by bookingamtt','nikita.k@brillio.com'),(523,'web',1,'2019-11-07 16:31:37','top 3 regions','nikita.k@brillio.com'),(524,'web',2,'2019-11-19 13:41:56','show me top 3 region by booking_quantity','nikita.k@brillio.com'),(525,'web',67,'2019-12-11 15:56:43','bookingquantity by region','nikita.k@brillio.com'),(526,'web',1,'2019-11-12 10:36:20','show me booking_quantity by month','nikita.k@brillio.com'),(527,'web',2,'2019-11-12 16:20:25','show me quantity by month','nikita.k@brillio.com'),(528,'web',1,'2019-11-12 13:48:56','order_type by bookings','nikita.k@brillio.com'),(529,'web',2,'2020-03-16 01:24:42','show me order_type by sales','nikita.k@brillio.com'),(530,'web',1,'2019-11-12 14:59:17','show me fy by campaign','akash.bais@brillio.com'),(531,'web',1,'2019-11-12 15:06:12','show me vehicle by business segment','akash.bais@brillio.com'),(532,'web',1,'2019-11-12 15:07:24','fw by campaign','akash.bais@brillio.com'),(533,'web',1,'2019-11-12 15:07:32','show me fw by campaign','akash.bais@brillio.com'),(534,'web',13,'2019-11-29 10:55:05','bookings by region','nikita.k@brillio.com'),(535,'web',1,'2019-11-12 15:32:48','bookings by ','nikita.k@brillio.com'),(536,'web',2,'2019-11-12 15:38:26','bookings by calmonth','nikita.k@brillio.com'),(537,'web',4,'2019-11-19 16:01:59','bookings by month','nikita.k@brillio.com'),(538,'web',9,'2019-12-08 17:47:01','show me bookings by subtheatre','nikita.k@brillio.com'),(539,'web',97,'2019-11-29 16:18:46','show me bookings by month','nikita.k@brillio.com'),(540,'web',1,'2019-11-12 15:58:11','Show me TR by FY','akash.bais@brillio.com'),(541,'web',1,'2019-11-12 16:00:03','show me TR by camp','akash.bais@brillio.com'),(542,'web',1,'2019-11-12 16:03:37','show me tot_list_pr_usd_am by month','nikita.k@brillio.com'),(543,'web',1,'2019-11-12 16:10:14','show me s by r','akash.bais@brillio.com'),(544,'web',1,'2019-11-12 16:19:21','show me Bookings by Region','akash.bais@brillio.com'),(545,'web',1,'2019-11-12 16:20:12','show me sales by continent','manmaya.champatiray@brillio.com'),(546,'web',1,'2019-11-12 16:21:36','show me sales by quantity','nikita.k@brillio.com'),(547,'web',2,'2019-11-19 16:40:25','show me sales by booking_quantity ','nikita.k@brillio.com'),(548,'web',1,'2019-11-12 16:22:24','show me bookings by cm','akash.bais@brillio.com'),(549,'web',1,'2019-11-12 16:22:49','productLC by region','manmaya.champatiray@brillio.com'),(550,'web',2,'2019-11-12 16:23:30','prodgp by region','manmaya.champatiray@brillio.com'),(551,'web',1,'2019-11-12 16:23:55','all bookings by region','manmaya.champatiray@brillio.com'),(552,'web',1,'2019-11-12 16:24:11','first five bookings by region','manmaya.champatiray@brillio.com'),(553,'web',1,'2019-11-12 16:24:28','show me first 5 bookings by region','manmaya.champatiray@brillio.com'),(554,'web',1,'2019-11-12 16:27:13','B by TM','akash.bais@brillio.com'),(555,'web',1,'2019-11-12 16:27:43','Bookings by CalMonth','akash.bais@brillio.com'),(556,'web',3,'2019-12-05 12:42:09','show me Bookings by CalMonth','akash.bais@brillio.com'),(557,'web',4,'2019-11-21 16:30:48','booking by region','akash.bais@brillio.com'),(558,'web',5,'2019-11-14 14:56:07','show me quantity by region','manmaya.champatiray@brillio.com'),(559,'web',1,'2019-11-12 16:37:38','show  me quantity by region','manmaya.champatiray@brillio.com'),(560,'web',7,'2020-01-02 16:21:21','booking_quantity by region','nikita.k@brillio.com'),(561,'web',11,'2019-12-05 12:42:58','sales by region','akash.bais@brillio.com'),(562,'web',3,'2019-11-12 17:03:05','quantity by region','adhiraj.gupta@brillio.com'),(563,'web',5,'2020-01-24 21:36:24','sales by region','adhiraj.gupta@brillio.com'),(564,'web',3,'2019-11-12 16:45:43','sales by calmonth','akash.bais@brillio.com'),(565,'web',10,'2020-01-20 10:37:04','show me quantity by region','adhiraj.gupta@brillio.com'),(566,'web',1,'2019-11-12 16:45:35','show me ow by cou','sachin.nalkar@brillio.com'),(567,'web',2,'2019-11-12 16:49:33','sales by txndate','akash.bais@brillio.com'),(568,'web',2,'2019-11-12 16:50:30','quantity by region','nikita.k@brillio.com'),(569,'web',2,'2019-11-12 16:50:26','top 5 sales by region','akash.bais@brillio.com'),(570,'web',1,'2019-11-12 16:51:24','show me ER by R','sachin.nalkar@brillio.com'),(571,'web',1,'2019-11-12 16:52:11',' Show me sales by prodgrup','akash.bais@brillio.com'),(572,'web',3,'2019-11-27 17:17:12','Show me all the  regions','akash.bais@brillio.com'),(573,'web',2,'2019-11-12 16:53:05','sales by quarter','akash.bais@brillio.com'),(574,'web',2,'2019-11-12 16:58:05','show me OW by R','sachin.nalkar@brillio.com'),(575,'web',1,'2019-11-12 16:53:47','show me sales by region where continent equals emea','nikita.k@brillio.com'),(576,'web',1,'2019-11-12 16:54:35','sales by TD','akash.bais@brillio.com'),(577,'web',1,'2019-11-12 17:01:46','show me ExiRev by r','sachin.nalkar@brillio.com'),(578,'web',1,'2019-11-12 17:05:46','show me top 3 quantity by region','adhiraj.gupta@brillio.com'),(579,'web',4,'2019-11-18 16:57:14','top 5 quantity by region','adhiraj.gupta@brillio.com'),(580,'web',1,'2019-11-12 17:08:26','show me all sales','adhiraj.gupta@brillio.com'),(581,'web',3,'2019-11-18 16:55:30','show me sales ','adhiraj.gupta@brillio.com'),(582,'web',2,'2019-11-18 16:56:16','show me total sales','adhiraj.gupta@brillio.com'),(583,'web',1,'2019-11-12 17:08:58','show me the region with highest sales','adhiraj.gupta@brillio.com'),(584,'web',4,'2019-11-18 16:56:11','show me top 1 region by sales','adhiraj.gupta@brillio.com'),(585,'web',2,'2019-11-19 13:25:50','region by sales','nikita.k@brillio.com'),(586,'web',3,'2020-03-05 12:06:22','Show me list of all the regions','akash.bais@brillio.com'),(587,'web',1,'2019-11-12 18:27:10','Show me sales where region equals CEEMA','akash.bais@brillio.com'),(588,'web',2,'2019-11-27 17:17:52','Tell me top 5 region by sales','akash.bais@brillio.com'),(589,'web',1,'2019-11-12 18:41:02','show me average bookings','akash.bais@brillio.com'),(590,'web',3,'2020-01-20 10:37:16','show me sales by sub theater','adhiraj.gupta@brillio.com'),(591,'web',16,'2020-01-24 18:19:37','show me sales by region','adhiraj.gupta@brillio.com'),(592,'web',4,'2019-12-12 13:39:16','top 3 sales by quantity','adhiraj.gupta@brillio.com'),(593,'web',1,'2019-11-13 10:57:29','top 7 sales by month','adhiraj.gupta@brillio.com'),(594,'web',1,'2019-11-13 10:57:46','top 3 sales by month','adhiraj.gupta@brillio.com'),(595,'web',1,'2019-11-13 10:57:57','all sales by month','adhiraj.gupta@brillio.com'),(596,'web',2,'2019-11-13 10:58:07','sales by month','adhiraj.gupta@brillio.com'),(597,'web',7,'2019-12-03 10:55:13','show me sales by month','adhiraj.gupta@brillio.com'),(598,'web',2,'2019-12-09 12:29:03','show me average monthly sales','adhiraj.gupta@brillio.com'),(599,'web',2,'2019-12-09 12:29:14','show me average sales by month','adhiraj.gupta@brillio.com'),(600,'web',3,'2019-12-05 12:40:35','show me average sales by region','adhiraj.gupta@brillio.com'),(601,'web',2,'2019-11-18 16:54:07','show me sales by product','adhiraj.gupta@brillio.com'),(602,'web',1,'2019-11-13 14:04:15','show me quantity by product','adhiraj.gupta@brillio.com'),(603,'web',2,'2019-11-13 17:11:25','show me TR by W','sachin.nalkar@brillio.com'),(604,'web',1,'2019-11-13 17:13:21','sales by TxnDate','sachin.nalkar@brillio.com'),(605,'web',1,'2019-11-13 17:14:28','show me sales by TxnDate','sachin.nalkar@brillio.com'),(606,'web',1,'2019-11-15 11:34:30','what are sales by region','sachin.nalkar@brillio.com'),(607,'web',1,'2019-11-15 11:34:47','show me regional sales','sachin.nalkar@brillio.com'),(608,'web',2,'2019-11-19 12:58:09','show me booking_quantity by sales','nikita.k@brillio.com'),(609,'web',5,'2019-11-18 12:21:11','Tell me top 5 region by sales','nikita.k@brillio.com'),(610,'web',1,'2019-11-18 10:20:30','tell me top 5','nikita.k@brillio.com'),(611,'web',5,'2019-11-22 13:34:08','show me average sales','nikita.k@brillio.com'),(612,'web',1,'2019-11-18 10:26:11','show me average bookings','nikita.k@brillio.com'),(613,'web',1,'2019-11-18 10:26:30','show me top 1 sales','nikita.k@brillio.com'),(614,'web',1,'2019-11-18 11:50:36','show me average quantity by region','manmaya.champatiray@brillio.com'),(615,'web',1,'2019-11-18 12:10:11','what are the sales by region','adhiraj.gupta@brillio.com'),(616,'web',1,'2019-11-18 12:45:02','TOP 5 SA','nikita.k@brillio.com'),(617,'web',1,'2019-11-18 13:04:36','show me average quantity by region','akash.bais@brillio.com'),(618,'web',1,'2019-11-18 13:12:17','show me average sales by month','nikita.k@brillio.com'),(619,'web',1,'2019-11-18 13:34:18','Show me top 5 sales by region','akash.bais@brillio.com'),(620,'web',1,'2019-11-18 13:37:45','show me sales by fregion','akash.bais@brillio.com'),(621,'web',1,'2019-11-18 16:55:54','show me sales by year','adhiraj.gupta@brillio.com'),(622,'web',1,'2019-11-18 16:56:37','salestot_list_pr_usd_am','adhiraj.gupta@brillio.com'),(623,'web',1,'2019-11-18 16:56:49','order_type','adhiraj.gupta@brillio.com'),(624,'web',1,'2019-11-18 16:57:04','show me sales by territory','adhiraj.gupta@brillio.com'),(625,'web',1,'2019-11-19 13:28:31','bookings by reguin','nikita.k@brillio.com'),(626,'web',3,'2019-12-03 10:56:10','show me orders by month','adhiraj.gupta@brillio.com'),(627,'web',1,'2019-11-21 09:42:24','what are the quantity by zone','adhiraj.gupta@brillio.com'),(628,'web',5,'2019-12-10 13:30:56','what is the price by region','adhiraj.gupta@brillio.com'),(629,'web',1,'2019-11-21 09:45:49','what is the price by month ','adhiraj.gupta@brillio.com'),(630,'web',1,'2019-11-21 09:46:01','what is the price by month and region','adhiraj.gupta@brillio.com'),(631,'web',3,'2019-11-25 12:05:39','show me orders by zone','adhiraj.gupta@brillio.com'),(632,'web',4,'2019-12-10 15:30:19','show me price by region','adhiraj.gupta@brillio.com'),(633,'web',1,'2019-11-21 15:55:19','booki','akash.bais@brillio.com'),(634,'web',1,'2019-11-26 13:43:25','shoe me orders by zone','adhiraj.gupta@brillio.com'),(635,'web',3,'2019-11-26 16:46:17','show me average sales','manmaya.champatiray@brillio.com'),(636,'web',11,'2020-01-24 18:19:22','show me price by zone','adhiraj.gupta@brillio.com'),(637,'web',7,'2020-01-20 10:37:23','show me sales by zone','adhiraj.gupta@brillio.com'),(638,'web',10,'2020-01-02 15:09:34','show me bookings by region','adhiraj.gupta@brillio.com'),(639,'web',1,'2019-11-27 11:30:58','show me price by type','adhiraj.gupta@brillio.com'),(640,'web',10,'2019-12-10 16:35:48','show me quantity by zone','adhiraj.gupta@brillio.com'),(641,'web',1,'2019-11-27 11:35:55','shoe me price by zone','adhiraj.gupta@brillio.com'),(642,'web',4,'2019-12-10 10:54:06','show me quantity by month','adhiraj.gupta@brillio.com'),(643,'web',4,'2020-01-24 18:07:08','show me price by month','adhiraj.gupta@brillio.com'),(644,'web',2,'2019-11-27 17:14:22','region by TxnDate','akash.bais@brillio.com'),(645,'web',3,'2019-11-27 17:15:24','quarter by tnxdate','akash.bais@brillio.com'),(646,'web',1,'2019-11-27 17:17:32','sales where region is CEEMA','akash.bais@brillio.com'),(647,'web',3,'2019-11-28 13:35:19','show me top 3 sales by txndate','akash.bais@brillio.com'),(648,'web',51,'2020-03-16 01:27:12','show me sales by txndate','nikita.k@brillio.com'),(649,'web',1,'2019-11-29 16:20:19','bo','nikita.k@brillio.com'),(650,'web',1,'2019-12-02 11:33:12','show me booking_quantity by txndate','nikita.k@brillio.com'),(651,'web',1,'2019-12-02 12:39:11','show me quantity by month','manmaya.champatiray@brillio.com'),(652,'web',1,'2019-12-02 14:34:06','show me sales by price','adhiraj.gupta@brillio.com'),(653,'web',1,'2019-12-02 18:09:20','show me sales by region and con','nikita.k@brillio.com'),(654,'web',2,'2019-12-08 20:04:05','Tell me top 5 sales by region','nikita.k@brillio.com'),(655,'web',1,'2019-12-06 11:10:51','show me annual by promDate','nikita.k@brillio.com'),(656,'web',8,'2020-03-16 01:27:27','top 5 region by bookingquantity','nikita.k@brillio.com'),(657,'web',1,'2019-12-08 20:14:43','top 5 region','nikita.k@brillio.com'),(658,'web',1,'2019-12-08 20:14:59','top by bookingquantity by region','nikita.k@brillio.com'),(659,'web',1,'2019-12-09 12:30:36','show me booking quantity by region','nikita.k@brillio.com'),(660,'web',1,'2019-12-09 12:32:08','bk by region','nikita.k@brillio.com'),(661,'web',7,'2019-12-11 16:22:40','show me sales by ORDER_TYPE','nikita.k@brillio.com'),(662,'web',1,'2019-12-12 14:58:52','bookings by txndate','adhiraj.gupta@brillio.com'),(663,'web',5,'2019-12-12 15:36:27','show me booking_quantity by txndate','adhiraj.gupta@brillio.com'),(664,'web',2,'2019-12-23 13:54:51','bookings by region','adhiraj.gupta@brillio.com'),(665,'web',2,'2020-01-02 15:10:32','show me booking_quantity by region','adhiraj.gupta@brillio.com'),(666,'web',1,'2020-01-24 21:36:39','top sales','adhiraj.gupta@brillio.com'),(667,'web',1,'2020-03-16 01:11:25','show me sales by quantity','demo@brillio.com'),(668,'web',1,'2020-03-16 01:12:02','show me quantity by region','demo@brillio.com'),(669,'web',2,'2020-03-16 01:15:01','show me sales by quarter','demo@brillio.com'),(670,'web',2,'2020-03-16 01:18:03','Show me total sales where CalMonth in Nov','demo@brillio.com'),(671,'web',1,'2020-03-16 10:53:16','Show me Bookings by Region','demo@brillio.com'),(672,'web',1,'2020-03-16 10:59:10','show me Bookings_Quantity by Region','demo@brillio.com'),(673,'web',1,'2020-03-16 11:01:48','show me bookingQty by Region','demo@brillio.com'),(674,'web',1,'2020-03-16 11:04:36','show me sales by fqy','demo@brillio.com'),(675,'web',1,'2020-03-16 11:22:51','sales by region','demo@brillio.com');
/*!40000 ALTER TABLE `user_query` ENABLE KEYS */;
UNLOCK TABLES;

--
-- Table structure for table `user_token`
--

DROP TABLE IF EXISTS `user_token`;
/*!40101 SET @saved_cs_client     = @@character_set_client */;
/*!40101 SET character_set_client = utf8 */;
CREATE TABLE `user_token` (
  `USER_NAME` varchar(255) NOT NULL,
  `REMARKS` varchar(255) NOT NULL,
  `TOKEN` text NOT NULL,
  `CHAT_ROOM_ID` varchar(255) DEFAULT NULL,
  PRIMARY KEY (`USER_NAME`)
) ENGINE=InnoDB DEFAULT CHARSET=latin1;
/*!40101 SET character_set_client = @saved_cs_client */;

--
-- Dumping data for table `user_token`
--

LOCK TABLES `user_token` WRITE;
/*!40000 ALTER TABLE `user_token` DISABLE KEYS */;
INSERT INTO `user_token` VALUES ('adhiraj.gupta@brillio.com','Added data files','eyJhbGciOiJIUzI1NiJ9.eyJpc3MiOiJCcmlsbGlvVGVjaG5vbG9naWVzIiwiYXVkIjoiQnJpbGxpb0RhdGFQbGF0Zm9ybSIsImlhdCI6MTU3OTQ5Njc3MywiZXhwIjozNzM5NDk2NzczLCJpbmZvIjp7InVzZXJOYW1lIjoiYWRoaXJhai5ndXB0YUBicmlsbGlvLmNvbSIsInVzZXJUb2tlbkluZm9ybWF0aW9uIjoie1widXNlckFsaWFzRmlsZU5hbWVzXCI6W10sXCJ1c2VyRGF0YUZpbGVOYW1lc1wiOltcIlNhbXBsZURhdGFfc2FsZXMuY3N2XCIsXCJTYW1wbGVEYXRhX3NhbGVzLmNzdlwiLFwiU2FtcGxlRGF0YV9zYWxlcy5jc3ZcIixcIlNhbXBsZURhdGFfc2FsZXMuY3N2XCIsXCJTYW1wbGVEYXRhX3NhbGVzLmNzdlwiLFwiU2FtcGxlRGF0YV9zYWxlcy5jc3ZcIixcImRhdGFfbW9kZWwuY3N2XCIsXCJTYW1wbGVEYXRhX3NhbGVzLmNzdlwiXSxcImNoYXRSb29tSWRcIjpcIjE1NzM1NTcwNDQ2MjBcIn0iLCJzZXNzaW9uVGltZXN0YW1wIjoiMTU3OTQ5Njc3MzcyNyJ9fQ.K165wp9FaI5j2123VB6l0t3HRV2qjCb3LXwxOE3mHkA','1580219873427'),('akash.bais@brillio.com','Added data files','eyJhbGciOiJIUzI1NiJ9.eyJpc3MiOiJCcmlsbGlvVGVjaG5vbG9naWVzIiwiYXVkIjoiQnJpbGxpb0RhdGFQbGF0Zm9ybSIsImlhdCI6MTU3NTI3ODg3MSwiZXhwIjozNzM1Mjc4ODcxLCJpbmZvIjp7InVzZXJOYW1lIjoiYWthc2guYmFpc0BicmlsbGlvLmNvbSIsInVzZXJUb2tlbkluZm9ybWF0aW9uIjoie1widXNlckFsaWFzRmlsZU5hbWVzXCI6W10sXCJ1c2VyRGF0YUZpbGVOYW1lc1wiOltcInNhbXBsZV9kYXRhX2FzaGlzaC5jc3ZcIixcIkRhdGFfU2FtcGxlX2Zvcl9EaGVlX3YyLnhsc3hcIixcIkRhdGFfU2FtcGxlX2Zvcl9EaGVlX3YyLnhsc3hcIixcIkRhdGFfU2FtcGxlX2Zvcl9EaGVlX3YyLnhsc3hcIixcIlNhbXBsZURhdGFfc2FsZXMuY3N2XCIsXCJEYXRhX1NhbXBsZV9mb3JfRGhlZV92Mi54bHN4XCIsXCJEYXRhX1NhbXBsZV9mb3JfRGhlZV92Mi54bHN4XCIsXCJEYXRhX1NhbXBsZV9mb3JfRGhlZV92Mi54bHN4XCIsXCJTYW1wbGVEYXRhX3NhbGVzLmNzdlwiLFwiRGF0YV9TYW1wbGVfZm9yX0RoZWVfdjIueGxzeFwiLFwiU2FtcGxlRGF0YV9zYWxlcy5jc3ZcIixcIkRhdGFfU2FtcGxlX2Zvcl9EaGVlX3YyICgxKS54bHN4XCIsXCJkZWxsX3NhbXBsZV9kYXRhX3Nob3J0LmNzdlwiLFwic2FsZXNfZGF0YV9zYW1wbGUuY3N2XCIsXCJEYXRhX1NhbXBsZV9mb3JfRGhlZV92Mi54bHN4XCIsXCJzYW1wbGVfZGF0YV9hc2hpc2guY3N2XCIsXCJkaGkyLnhsc3hcIixcImRoaTIueGxzeFwiLFwiZGhpMi5jc3ZcIixcIkRFTExfREVNT19EQVRBU0VULmNzdlwiLFwiREVMTF9ERU1PX0RBVEFTRVQuY3N2XCIsXCJDb3B5IG9mIGRoaTIueGxzeFwiLFwiQ29weSBvZiBkaGkyLnhsc3hcIixcIkNvcHkgb2YgZGhpMi54bHN4XCIsXCJTYW1wbGVEYXRhX3NhbGVzLmNzdlwiLFwiQ29weSBvZiBkaGkyLnhsc3hcIixcIkRFTExfREVNT19EQVRBU0VULmNzdlwiLFwiQ29weSBvZiBkaGkyLnhsc3hcIixcIkRFTExfREVNT19EQVRBU0VULmNzdlwiLFwiREVMTF9ERU1PX0RBVEFTRVQuY3N2XCIsXCJERUxMX0RFTU9fREFUQVNFVC5jc3ZcIixcIkRFTExfREVNT19EQVRBU0VULmNzdlwiLFwic2FtcGxlX2RhdGFfYXNoaXNoLmNzdlwiLFwic2FtcGxlX2RhdGFfYXNoaXNoLmNzdlwiLFwic2FtcGxlX2RhdGFfYXNoaXNoLmNzdlwiLFwiU2FtcGxlRGF0YV9zYWxlcy5jc3ZcIixcInNhbXBsZV9kYXRhX2FzaGlzaC5jc3ZcIl0sXCJjaGF0Um9vbUlkXCI6XCIxNTY2OTA2NDk5MDgxXCJ9Iiwic2Vzc2lvblRpbWVzdGFtcCI6IjE1NzUyNzg4NzExMzYifX0.4CxXn-NWwVNrupBBvA2wZ4yM_7l3POcbc4oAqSSz9RE','1584301803467'),('ashish.saraf@brillio.com','Added data files','eyJhbGciOiJIUzI1NiJ9.eyJpc3MiOiJCcmlsbGlvVGVjaG5vbG9naWVzIiwiYXVkIjoiQnJpbGxpb0RhdGFQbGF0Zm9ybSIsImlhdCI6MTU2ODA4NjU1MSwiZXhwIjozNzI4MDg2NTUxLCJpbmZvIjp7InVzZXJOYW1lIjoiYXNoaXNoLnNhcmFmQGJyaWxsaW8uY29tIiwidXNlclRva2VuSW5mb3JtYXRpb24iOiJ7XCJ1c2VyQWxpYXNGaWxlTmFtZXNcIjpbXSxcInVzZXJEYXRhRmlsZU5hbWVzXCI6W1wiZGF0YV9tb2RlbC5jc3ZcIixcImRhdGFfbW9kZWwuY3N2XCIsXCJkYXRhX21vZGVsLmNzdlwiLFwiZGF0YV9tb2RlbC5jc3ZcIixcImRhdGFfbW9kZWwuY3N2XCIsXCJkYXRhX21vZGVsLmNzdlwiLFwiZGF0YV9tb2RlbC5jc3ZcIixcImRhdGFfbW9kZWwuY3N2XCIsXCJkYXRhX21vZGVsLmNzdlwiLFwiU2FtcGxlRGF0YS5jc3ZcIixcIlNhbXBsZURhdGEuY3N2XCJdLFwiY2hhdFJvb21JZFwiOlwiMTU2MjgyODM4OTA1MFwifSIsInNlc3Npb25UaW1lc3RhbXAiOiIxNTY4MDg2NTUxMzExIn19.GN73XInAhvsg7rbB-Z4j6v382AnUnpbGchyDC8ILyS0','1571899044792'),('brinditha.rai@brillio.com','New Token','eyJhbGciOiJIUzI1NiJ9.eyJpc3MiOiJCcmlsbGlvVGVjaG5vbG9naWVzIiwiYXVkIjoiQnJpbGxpb0RhdGFQbGF0Zm9ybSIsImlhdCI6MTU2NTE2NzczMywiZXhwIjozNzI1MTY3NzMzLCJpbmZvIjp7InVzZXJOYW1lIjoiYnJpbmRpdGhhLnJhaUBicmlsbGlvLmNvbSIsInVzZXJUb2tlbkluZm9ybWF0aW9uIjoie1widXNlckFsaWFzRmlsZU5hbWVzXCI6W10sXCJ1c2VyRGF0YUZpbGVOYW1lc1wiOltdLFwiY2hhdFJvb21JZFwiOlwiMTU2NTE2NzczMzM5OFwifSIsInNlc3Npb25UaW1lc3RhbXAiOiIxNTY1MTY3NzMzMzk4In19.tTq45Mz-LiM19BFBS0tRQVXcwW4a6XDdA7pigCXrlw4','1565167733398'),('demo.user@brillio.com','Added data files','eyJhbGciOiJIUzI1NiJ9.eyJpc3MiOiJCcmlsbGlvVGVjaG5vbG9naWVzIiwiYXVkIjoiQnJpbGxpb0RhdGFQbGF0Zm9ybSIsImlhdCI6MTU2NDAzNjM3MCwiZXhwIjozNzI0MDM2MzcwLCJpbmZvIjp7InVzZXJOYW1lIjoiZGVtby51c2VyQGJyaWxsaW8uY29tIiwidXNlclRva2VuSW5mb3JtYXRpb24iOiJ7XCJ1c2VyQWxpYXNGaWxlTmFtZXNcIjpbXSxcInVzZXJEYXRhRmlsZU5hbWVzXCI6W1wiZGF0YV9tb2RlbC5jc3ZcIixcImRhdGFfbW9kZWwuY3N2XCIsXCJkYXRhX21vZGVsLmNzdlwiLFwiZGF0YV9tb2RlbC5jc3ZcIixcImRhdGFfbW9kZWwuY3N2XCIsXCJkYXRhX21vZGVsLmNzdlwiLFwiZGF0YV9tb2RlbC5jc3ZcIixcImRhdGFfbW9kZWwuY3N2XCIsXCJkYXRhX21vZGVsLmNzdlwiLFwiZGF0YV9tb2RlbC5jc3ZcIixcImRhdGFfbW9kZWwuY3N2XCIsXCJkYXRhX21vZGVsLmNzdlwiLFwiZGF0YV9tb2RlbC5jc3ZcIixcImRhdGFfbW9kZWwuY3N2XCIsXCJkYXRhX21vZGVsLmNzdlwiLFwiZGF0YV9tb2RlbC5jc3ZcIixcImRhdGFfbW9kZWwuY3N2XCJdLFwiY2hhdFJvb21JZFwiOlwiMTU2MTQ2Njg0MzczN1wifSIsInNlc3Npb25UaW1lc3RhbXAiOiIxNTY0MDM2MzcwNjgyIn19.CoMDzSgAATjjj6QfaVkBqRzCymbZ4_5__NelFD29l9E','1564036316330'),('demo@brillio.com','Added data files','eyJhbGciOiJIUzI1NiJ9.eyJpc3MiOiJCcmlsbGlvVGVjaG5vbG9naWVzIiwiYXVkIjoiQnJpbGxpb0RhdGFQbGF0Zm9ybSIsImlhdCI6MTU4NDMzNTc5NiwiZXhwIjozNzQ0MzM1Nzk2LCJpbmZvIjp7InVzZXJOYW1lIjoiZGVtb0BicmlsbGlvLmNvbSIsInVzZXJUb2tlbkluZm9ybWF0aW9uIjoie1widXNlckFsaWFzRmlsZU5hbWVzXCI6W10sXCJ1c2VyRGF0YUZpbGVOYW1lc1wiOltcInNhbXBsZV9kYXRhLmNzdlwiLFwic2FtcGxlX2RhdGEuY3N2XCJdLFwiY2hhdFJvb21JZFwiOlwiMTU3OTg2ODc5ODQ5MlwifSIsInNlc3Npb25UaW1lc3RhbXAiOiIxNTg0MzM1Nzk2Njk4In19.u1PTQ7X6dpEW9YBAst2sFjymCvRyom6EAyGDg34IvVs','1584337912938'),('himanshu.b@brillio.com','Added data files','eyJhbGciOiJIUzI1NiJ9.eyJpc3MiOiJCcmlsbGlvVGVjaG5vbG9naWVzIiwiYXVkIjoiQnJpbGxpb0RhdGFQbGF0Zm9ybSIsImlhdCI6MTU2ODM1NzQyNywiZXhwIjozNzI4MzU3NDI3LCJpbmZvIjp7InVzZXJOYW1lIjoiaGltYW5zaHUuYkBicmlsbGlvLmNvbSIsInVzZXJUb2tlbkluZm9ybWF0aW9uIjoie1widXNlckFsaWFzRmlsZU5hbWVzXCI6W10sXCJ1c2VyRGF0YUZpbGVOYW1lc1wiOltcImRlbGxfc2FtcGxlX2RhdGFfc2hvcnQuY3N2XCJdLFwiY2hhdFJvb21JZFwiOlwiMTU2ODM1NzM2Njg3MFwifSIsInNlc3Npb25UaW1lc3RhbXAiOiIxNTY4MzU3NDI3Njc0In19.oUUSornoyiGopZHNxU7QWaEG_Y1hBQp3ep5B2SihFxw','1568357366870'),('manmaya.champatiray@brillio.com','Added data files','eyJhbGciOiJIUzI1NiJ9.eyJpc3MiOiJCcmlsbGlvVGVjaG5vbG9naWVzIiwiYXVkIjoiQnJpbGxpb0RhdGFQbGF0Zm9ybSIsImlhdCI6MTU3NTI3NzUzNCwiZXhwIjozNzM1Mjc3NTM0LCJpbmZvIjp7InVzZXJOYW1lIjoibWFubWF5YS5jaGFtcGF0aXJheUBicmlsbGlvLmNvbSIsInVzZXJUb2tlbkluZm9ybWF0aW9uIjoie1widXNlckFsaWFzRmlsZU5hbWVzXCI6W10sXCJ1c2VyRGF0YUZpbGVOYW1lc1wiOltcIm5sX3RhYmxlLmNzdlwiLFwibmxfdGFibGUuY3N2XCIsXCJubF90YWJsZS5jc3ZcIixcIm5sX3RhYmxlLmNzdlwiLFwibmxfdGFibGUuY3N2XCIsXCJkYXRhX21vZGVsLmNzdlwiLFwiZGF0YV9tb2RlbC5jc3ZcIixcImRhdGFfbW9kZWwuY3N2XCIsXCJkYXRhX21vZGVsLmNzdlwiLFwiZGF0YV9tb2RlbC5jc3ZcIixcImRhdGFfbW9kZWwuY3N2XCIsXCJkYXRhX21vZGVsLmNzdlwiLFwiZGF0YV9tb2RlbC5jc3ZcIixcImRhdGFfbW9kZWwuY3N2XCIsXCJkYXRhX21vZGVsLmNzdlwiLFwiZGF0YV9tb2RlbC5jc3ZcIixcImRhdGFfbW9kZWwuY3N2XCIsXCJkYXRhX21vZGVsLmNzdlwiLFwiZGF0YV9tb2RlbC5jc3ZcIixcImRhdGFfbW9kZWwuY3N2XCIsXCJkYXRhX21vZGVsLmNzdlwiLFwiZGF0YV9tb2RlbC5jc3ZcIixcImRhdGFfbW9kZWwuY3N2XCIsXCJkYXRhX21vZGVsLmNzdlwiLFwiZGF0YV9tb2RlbC5jc3ZcIixcImRhdGFfbW9kZWwuY3N2XCIsXCJkYXRhX21vZGVsLmNzdlwiLFwiZGF0YV9tb2RlbC5jc3ZcIixcImRhdGFfbW9kZWwuY3N2XCIsXCJkYXRhX21vZGVsLmNzdlwiLFwiZGF0YV9tb2RlbC5jc3ZcIixcImRhdGFfbW9kZWwuY3N2XCIsXCJkYXRhX21vZGVsLmNzdlwiLFwiZGF0YV9tb2RlbC5jc3ZcIixcIkRhdGEgU2FtcGxlIEZvciBEaGkgYWZ0ZXIgcmVtb3Zpbmcgc2hlZXQgMy54bHN4XCIsXCJzYW1wbGVfZGF0YS5jc3ZcIixcInNhbXBsZV9kYXRhLmNzdlwiLFwiRGF0YSBTYW1wbGUgRm9yIERoaSBhZnRlciByZW1vdmluZyBzaGVldCAzLnhsc3hcIixcIkRhdGEgU2FtcGxlIEZvciBEaGkgYWZ0ZXIgcmVtb3Zpbmcgc2hlZXQgMy54bHN4XCIsXCJzYW1wbGVfZGF0YS5jc3ZcIixcInNhbXBsZV9kYXRhLmNzdlwiLFwiRGF0YSBTYW1wbGUgRm9yIERoaSBhZnRlciByZW1vdmluZyBzaGVldCAzLnhsc3hcIixcInNhbXBsZV9kYXRhLmNzdlwiLFwiRGF0YSBTYW1wbGUgRm9yIERoaSBhZnRlciByZW1vdmluZyBzaGVldCAzLnhsc3hcIixcIkRhdGEgU2FtcGxlIEZvciBEaGkgYWZ0ZXIgcmVtb3Zpbmcgc2hlZXQgMy54bHN4XCIsXCJkYXRhX21vZGVsLmNzdlwiLFwiZGF0YV9tb2RlbC5jc3ZcIixcImRhdGFfbW9kZWwuY3N2XCIsXCJzYW1wbGVfZGF0YS5jc3ZcIixcInNhbGVzX2RhdGFfc2FtcGxlLmNzdlwiLFwiZGF0YV9tb2RlbC5jc3ZcIixcImRhdGFfbW9kZWwuY3N2XCIsXCJzYW1wbGVfZGF0YS5jc3ZcIixcImRhdGFfbW9kZWwuY3N2XCIsXCJzYW1wbGVfZGF0YS5jc3ZcIixcInNhbXBsZV9kYXRhLmNzdlwiLFwic2FtcGxlX2RhdGEuY3N2XCIsXCJzYW1wbGVfZGF0YS5jc3ZcIl0sXCJjaGF0Um9vbUlkXCI6XCIxNTYxMDE4MzU4ODY3XCJ9Iiwic2Vzc2lvblRpbWVzdGFtcCI6IjE1NzUyNzc1MzQxMzYifX0.Lqod5B04y8D4YksMrAcUfAim2vHXCfN_gtPL8YeV1xE','1583390297679'),('nikita.k@brillio.com','Added data files','eyJhbGciOiJIUzI1NiJ9.eyJpc3MiOiJCcmlsbGlvVGVjaG5vbG9naWVzIiwiYXVkIjoiQnJpbGxpb0RhdGFQbGF0Zm9ybSIsImlhdCI6MTU3NjA1NTEyOSwiZXhwIjozNzM2MDU1MTI5LCJpbmZvIjp7InVzZXJOYW1lIjoibmlraXRhLmtAYnJpbGxpby5jb20iLCJ1c2VyVG9rZW5JbmZvcm1hdGlvbiI6IntcInVzZXJBbGlhc0ZpbGVOYW1lc1wiOltdLFwidXNlckRhdGFGaWxlTmFtZXNcIjpbXCJmaWxlLTEuY3N2XCIsXCJHbG9zc2FyeV9vZl9UZXJtcy5jc3ZcIixcImZpbGUtMS5jc3ZcIixcIkdsb3NzYXJ5X29mX1Rlcm1zLmNzdlwiLFwiZmlsZS0xLmNzdlwiLFwiR2xvc3Nhcnlfb2ZfVGVybXMuY3N2XCIsXCJmaWxlLTEuY3N2XCIsXCJmaWxlLTEuY3N2XCIsXCJmaWxlLTEuY3N2XCIsXCJHbG9zc2FyeV9vZl9UZXJtcy5jc3ZcIixcImZpbGUtMS5jc3ZcIixcImZpbGUtMS5jc3ZcIixcImZpbGUtMS5jc3ZcIixcImZpbGUtMS5jc3ZcIixcImZpbGUtMS5jc3ZcIixcImZpbGUtMS5jc3ZcIixcImZpbGUtMS5jc3ZcIixcImZpbGUtMS5jc3ZcIixcImZpbGUtMS5jc3ZcIixcImZpbGUtMS5jc3ZcIixcIkdsb3NzYXJ5X29mX1Rlcm1zLmNzdlwiLFwiZmlsZS0xLmNzdlwiLFwiZmlsZS0xLmNzdlwiLFwiZmlsZS0xLmNzdlwiLFwiZmlsZS0xLmNzdlwiLFwiZmlsZS0xLmNzdlwiLFwiZmlsZS0xLmNzdlwiLFwiR2xvc3Nhcnlfb2ZfVGVybXMuY3N2XCIsXCJmaWxlLTEuY3N2XCIsXCJHbG9zc2FyeV9vZl9UZXJtcy5jc3ZcIixcImZpbGUtMS5jc3ZcIixcImZpbGUtMS5jc3ZcIixcImZpbGUtMS5jc3ZcIixcImZpbGUtMS5jc3ZcIixcImZpbGUtMS5jc3ZcIixcImZpbGUtMS5jc3ZcIixcImZpbGUtMS5jc3ZcIixcImZpbGUtMS5jc3ZcIixcImZpbGUtMS5jc3ZcIixcIkdsb3NzYXJ5X29mX1Rlcm1zLmNzdlwiLFwiR2xvc3Nhcnlfb2ZfVGVybXMuY3N2XCIsXCJmaWxlLTEuY3N2XCIsXCJmaWxlLTEuY3N2XCIsXCJmaWxlLTEuY3N2XCIsXCJmaWxlLTEuY3N2XCIsXCJHbG9zc2FyeV9vZl9UZXJtcy5jc3ZcIixcImZpbGUtMS5jc3ZcIixcImZpbGUtMS5jc3ZcIixcImZpbGUtMS5jc3ZcIixcImZpbGUtMS5jc3ZcIixcImZpbGUtMS5jc3ZcIixcImZpbGUtMS5jc3ZcIixcImd1aWRlLXRvLXRoZS1nZW5lcmFsLWRhdGEtcHJvdGVjdGlvbi1yZWd1bGF0aW9uLWdkcHItMS0wLnBkZlwiLFwibmxfdGFibGUuY3N2XCIsXCJkYXRhX21vZGVsLmNzdlwiLFwiZGF0YV9tb2RlbC5jc3ZcIixcImRhdGFfbW9kZWwuY3N2XCIsXCJkYXRhX21vZGVsLmNzdlwiLFwiZGF0YV9tb2RlbC5jc3ZcIixcImRhdGFfbW9kZWwuY3N2XCIsXCJkYXRhX21vZGVsLmNzdlwiLFwiZGF0YV9tb2RlbC5jc3ZcIixcImRhdGFfbW9kZWwuY3N2XCIsXCJkYXRhX21vZGVsLmNzdlwiLFwiZGF0YV9tb2RlbC5jc3ZcIixcImRhdGFfbW9kZWwuY3N2XCIsXCJkYXRhX21vZGVsLmNzdlwiLFwiZGF0YV9tb2RlbC5jc3ZcIixcImRhdGFfbW9kZWwuY3N2XCIsXCJkYXRhX21vZGVsLmNzdlwiLFwiZGF0YV9tb2RlbC5jc3ZcIixcImRhdGFfbW9kZWwuY3N2XCIsXCJkYXRhX21vZGVsLmNzdlwiLFwiZGF0YV9tb2RlbC5jc3ZcIixcImRhdGFfbW9kZWwuY3N2XCIsXCJkYXRhX21vZGVsLmNzdlwiLFwiZGF0YV9tb2RlbC5jc3ZcIixcImRhdGFfbW9kZWwuY3N2XCIsXCJkYXRhX21vZGVsLmNzdlwiLFwiZGF0YV9tb2RlbC5jc3ZcIixcImRhdGFfbW9kZWwuY3N2XCIsXCJkYXRhX21vZGVsLmNzdlwiLFwiZGF0YV9tb2RlbC5jc3ZcIixcImRhdGFfbW9kZWwuY3N2XCIsXCJkYXRhX21vZGVsLmNzdlwiLFwiZGF0YV9tb2RlbC5jc3ZcIixcImRhdGFfbW9kZWwuY3N2XCIsXCJkYXRhX21vZGVsLmNzdlwiLFwiZGF0YV9tb2RlbC5jc3ZcIixcImRhdGFfbW9kZWwuY3N2XCIsXCJkYXRhX21vZGVsLmNzdlwiLFwiZGF0YV9tb2RlbC5jc3ZcIixcImRhdGFfbW9kZWwuY3N2XCIsXCJkYXRhX21vZGVsLmNzdlwiLFwiZGF0YV9tb2RlbC5jc3ZcIixcImRhdGFfbW9kZWwuY3N2XCIsXCJkYXRhX21vZGVsLmNzdlwiLFwiZGF0YV9tb2RlbC5jc3ZcIixcImRhdGFfbW9kZWwuY3N2XCIsXCJkYXRhX21vZGVsLmNzdlwiLFwiZGF0YV9tb2RlbC5jc3ZcIixcImRhdGFfbW9kZWwuY3N2XCIsXCJkYXRhX21vZGVsLmNzdlwiLFwiZGF0YV9tb2RlbC5jc3ZcIixcImRhdGFfbW9kZWwuY3N2XCIsXCJkYXRhX21vZGVsLmNzdlwiLFwiZGF0YV9tb2RlbC5jc3ZcIixcImRhdGFfbW9kZWwuY3N2XCIsXCJkYXRhX21vZGVsLmNzdlwiLFwiZGF0YV9tb2RlbC5jc3ZcIixcImRhdGFfbW9kZWwuY3N2XCIsXCJkYXRhX21vZGVsLmNzdlwiLFwiZGF0YV9tb2RlbC5jc3ZcIixcImRhdGFfbW9kZWwuY3N2XCIsXCJkYXRhX21vZGVsLmNzdlwiLFwiZGF0YV9tb2RlbC5jc3ZcIixcImRhdGFfbW9kZWwuY3N2XCIsXCJkYXRhX21vZGVsLmNzdlwiLFwiZGF0YV9tb2RlbC5jc3ZcIixcImRhdGFfbW9kZWwuY3N2XCIsXCJkYXRhX21vZGVsLmNzdlwiLFwiZGF0YV9tb2RlbC5jc3ZcIixcImRhdGFfbW9kZWwuY3N2XCIsXCJkYXRhX21vZGVsLmNzdlwiLFwiZGF0YV9tb2RlbC5jc3ZcIixcImRhdGFfbW9kZWwuY3N2XCIsXCJkYXRhX21vZGVsLmNzdlwiLFwiZGF0YV9tb2RlbC5jc3ZcIixcImRhdGFfbW9kZWwuY3N2XCIsXCJkYXRhX21vZGVsLmNzdlwiLFwiZGF0YV9tb2RlbC5jc3ZcIixcImRhdGFfbW9kZWwuY3N2XCIsXCJkYXRhX21vZGVsLmNzdlwiLFwiZGF0YV9tb2RlbC5jc3ZcIixcImRhdGFfbW9kZWwuY3N2XCIsXCJkYXRhX21vZGVsLmNzdlwiLFwiZGF0YV9tb2RlbC5jc3ZcIixcImRhdGFfbW9kZWwuY3N2XCIsXCJkYXRhX21vZGVsLmNzdlwiLFwiZGF0YV9tb2RlbC5jc3ZcIixcImRhdGFfbW9kZWwuY3N2XCIsXCJkYXRhX21vZGVsLmNzdlwiLFwiZGF0YV9tb2RlbC5jc3ZcIixcImRhdGFfbW9kZWwuY3N2XCIsXCJkYXRhX21vZGVsLmNzdlwiLFwiZGF0YV9tb2RlbC5jc3ZcIixcImRhdGFfbW9kZWwuY3N2XCIsXCJkYXRhX21vZGVsLmNzdlwiLFwiZGF0YV9tb2RlbC5jc3ZcIixcImRhdGFfbW9kZWwuY3N2XCIsXCJkYXRhX21vZGVsLmNzdlwiLFwiZGF0YV9tb2RlbC5jc3ZcIixcImRhdGFfbW9kZWwuY3N2XCIsXCJkYXRhX21vZGVsLmNzdlwiLFwiZGF0YV9tb2RlbC5jc3ZcIixcImRhdGFfbW9kZWwuY3N2XCIsXCJkYXRhX21vZGVsLmNzdlwiLFwiZGF0YV9tb2RlbC5jc3ZcIixcImRhdGFfbW9kZWwuY3N2XCIsXCJkYXRhX21vZGVsLmNzdlwiLFwiZGF0YV9tb2RlbC5jc3ZcIixcImRhdGFfbW9kZWwuY3N2XCIsXCJkYXRhX21vZGVsLmNzdlwiLFwiZGF0YV9tb2RlbC5jc3ZcIixcImRhdGFfbW9kZWwuY3N2XCIsXCJkYXRhX21vZGVsLmNzdlwiLFwiZGF0YV9tb2RlbC5jc3ZcIixcImRhdGFfbW9kZWwuY3N2XCIsXCJkYXRhX21vZGVsLmNzdlwiLFwiZGF0YV9tb2RlbC5jc3ZcIixcImRhdGFfbW9kZWwuY3N2XCIsXCJkYXRhX21vZGVsLmNzdlwiLFwiZGF0YV9tb2RlbC5jc3ZcIixcImRhdGFfbW9kZWwuY3N2XCIsXCJkYXRhX21vZGVsLmNzdlwiLFwiZGF0YV9tb2RlbC5jc3ZcIixcImRhdGFfbW9kZWwuY3N2XCIsXCJkYXRhX21vZGVsLmNzdlwiLFwiZGF0YV9tb2RlbC5jc3ZcIixcImRhdGFfbW9kZWwuY3N2XCIsXCJkYXRhX21vZGVsLmNzdlwiLFwiZGF0YV9tb2RlbC5jc3ZcIixcImRhdGFfbW9kZWwuY3N2XCIsXCJkYXRhX21vZGVsLmNzdlwiLFwiZGF0YV9tb2RlbC5jc3ZcIixcImRhdGFfbW9kZWwuY3N2XCIsXCJkYXRhX21vZGVsLmNzdlwiLFwiZGF0YV9tb2RlbC5jc3ZcIixcImRhdGFfbW9kZWwuY3N2XCIsXCJkYXRhX21vZGVsLmNzdlwiLFwiZGF0YV9tb2RlbC5jc3ZcIixcImRhdGFfbW9kZWwuY3N2XCIsXCJkYXRhX21vZGVsLmNzdlwiLFwiZGF0YV9tb2RlbC5jc3ZcIixcImRhdGFfbW9kZWwuY3N2XCIsXCJkYXRhX21vZGVsLmNzdlwiLFwiZGF0YV9tb2RlbC5jc3ZcIixcImRhdGFfbW9kZWwuY3N2XCIsXCJkYXRhX21vZGVsLmNzdlwiLFwiZGF0YV9tb2RlbC5jc3ZcIixcImRhdGFfbW9kZWwuY3N2XCIsXCJkYXRhX21vZGVsLmNzdlwiLFwiZGF0YV9tb2RlbC5jc3ZcIixcImRhdGFfbW9kZWwuY3N2XCIsXCJkYXRhX21vZGVsLmNzdlwiLFwiZGF0YV9tb2RlbC5jc3ZcIixcImRhdGFfbW9kZWwuY3N2XCIsXCJkYXRhX21vZGVsLmNzdlwiLFwiZGF0YV9tb2RlbC5jc3ZcIixcImRhdGFfbW9kZWwuY3N2XCIsXCJkYXRhX21vZGVsLmNzdlwiLFwiZGF0YV9tb2RlbC5jc3ZcIixcImRhdGFfbW9kZWwuY3N2XCIsXCJkYXRhX21vZGVsLmNzdlwiLFwiZGF0YV9tb2RlbC5jc3ZcIixcImRhdGFfbW9kZWwuY3N2XCIsXCJkYXRhX21vZGVsLmNzdlwiLFwiZGF0YV9tb2RlbC5jc3ZcIixcImRhdGFfbW9kZWwuY3N2XCIsXCJkYXRhX21vZGVsLmNzdlwiLFwiZGF0YV9tb2RlbC5jc3ZcIixcImRhdGFfbW9kZWwuY3N2XCIsXCJkYXRhX21vZGVsLmNzdlwiLFwiZGF0YV9tb2RlbC5jc3ZcIixcImRhdGFfbW9kZWwuY3N2XCIsXCJkYXRhX21vZGVsLmNzdlwiLFwiZGF0YV9tb2RlbC5jc3ZcIixcImRhdGFfbW9kZWwuY3N2XCIsXCJkYXRhX21vZGVsLmNzdlwiLFwiZGF0YV9tb2RlbC5jc3ZcIixcImRhdGFfbW9kZWwuY3N2XCIsXCJEZWxsX0RoaTMuY3N2XCIsXCJEZWxsX0RoaTMuY3N2XCIsXCJzYWxlc19kYXRhX3NhbXBsZS5jc3ZcIixcInNhbGVzX2RhdGFfc2FtcGxlLmNzdlwiLFwiRGF0YV9TYW1wbGVfZm9yX0RoZWVfdjIueGxzeFwiLFwiRGF0YV9TYW1wbGVfZm9yX0RoZWVfdjIueGxzeFwiLFwiRGF0YV9TYW1wbGVfZm9yX0RoZWVfdjIueGxzeFwiLFwic2FsZXNfZGF0YV9zYW1wbGUuY3N2XCIsXCJzYW1wbGVfZGF0YV9hc2hpc2guY3N2XCIsXCJzYW1wbGVfZGF0YV9hc2hpc2guY3N2XCIsXCJzYW1wbGVfZGF0YV9hc2hpc2guY3N2XCIsXCJzYW1wbGVfZGF0YV9hc2hpc2guY3N2XCIsXCJEYXRhX1NhbXBsZV9mb3JfRGhlZV92Mi54bHN4XCIsXCJkZWxsX3NhbXBsZV9kYXRhLmNzdlwiLFwiRGF0YV9TYW1wbGVfZm9yX0RoZWVfdjIueGxzeFwiLFwiZGVsbF9zYW1wbGVfZGF0YS5jc3ZcIixcIkRhdGFfU2FtcGxlX2Zvcl9EaGVlX3YyLnhsc3hcIixcIkRhdGFfU2FtcGxlX2Zvcl9EaGVlX3YyLnhsc3hcIixcIlNhbXBsZURhdGFfc2FsZXMuY3N2XCIsXCJzYW1wbGVfZGF0YV9hc2hpc2guY3N2XCIsXCJTYW1wbGVEYXRhX3NhbGVzLmNzdlwiLFwiZGVsbF9zYW1wbGVfZGF0YV9zaG9ydC5jc3ZcIixcImRlbGxfc2FtcGxlX2RhdGFfc2hvcnQuY3N2XCIsXCJTYW1wbGVEYXRhX3NhbGVzLmNzdlwiLFwiRGF0YV9TYW1wbGVfZm9yX0RoZWVfdjIueGxzeFwiLFwiRGF0YV9TYW1wbGVfZm9yX0RoZWVfdjIueGxzeFwiLFwiZGVsbF9zYW1wbGVfZGF0YV9zaG9ydC5jc3ZcIixcIkRhdGFfU2FtcGxlX2Zvcl9EaGVlX3YyLnhsc3hcIixcIlNhbXBsZURhdGFfc2FsZXMuY3N2XCIsXCJTYW1wbGVEYXRhX3NhbGVzLmNzdlwiLFwiU2FtcGxlRGF0YV9zYWxlcy5jc3ZcIixcIlNhbXBsZURhdGFfc2FsZXMuY3N2XCIsXCJTYW1wbGVEYXRhX3NhbGVzLmNzdlwiLFwiU2FtcGxlRGF0YV9zYWxlcy5jc3ZcIixcIkRhdGFfU2FtcGxlX2Zvcl9EaGVlX3YyLnhsc3hcIixcIldlYl9Mb2dfRGF0YS5jc3ZcIixcIlNhbXBsZURhdGFfc2FsZXMuY3N2XCIsXCJTYW1wbGVEYXRhX3NhbGVzLmNzdlwiLFwiU2FtcGxlRGF0YV9zYWxlcy5jc3ZcIixcIlNhbXBsZURhdGFfc2FsZXMuY3N2XCIsXCJEYXRhX1NhbXBsZV9mb3JfRGhlZV92MiAoMSkueGxzeFwiLFwiZGF0YV9tb2RlbC5jc3ZcIixcIkRhdGFfU2FtcGxlX2Zvcl9EaGVlX3YyICgxKS54bHN4XCIsXCJkYXRhX21vZGVsLmNzdlwiLFwiRGF0YV9TYW1wbGVfZm9yX0RoZWVfdjIgKDEpLnhsc3hcIixcImRlbGxfc2FtcGxlX2RhdGFfc2hvcnQuY3N2XCIsXCJkYXRhX21vZGVsLmNzdlwiLFwiZGF0YV9tb2RlbC5jc3ZcIixcImJtc19zcmMuZG9jeFwiLFwiZGF0YV9tb2RlbC5jc3ZcIixcIlNhbXBsZURhdGFfc2FsZXMuY3N2XCIsXCJTYW1wbGVEYXRhX3NhbGVzLmNzdlwiLFwiZGF0YV9tb2RlbC5jc3ZcIixcIlNhbXBsZURhdGFfc2FsZXMuY3N2XCIsXCJTYW1wbGVEYXRhX3NhbGVzLmNzdlwiLFwiU2FtcGxlRGF0YV9zYWxlcy5jc3ZcIixcIlNhbXBsZURhdGFfc2FsZXMuY3N2XCIsXCJTYW1wbGVEYXRhX3NhbGVzLmNzdlwiLFwiU2FtcGxlRGF0YV9zYWxlcy5jc3ZcIixcIlNhbXBsZURhdGFfc2FsZXMuY3N2XCIsXCJDb3B5IG9mIGRoaTIueGxzeFwiLFwiZGF0YV9tb2RlbC5jc3ZcIixcIkNvcHkgb2YgZGhpMi54bHN4XCIsXCJkYXRhX21vZGVsLmNzdlwiLFwiU2FtcGxlRGF0YV9zYWxlcy5jc3ZcIixcIlNhbXBsZURhdGFfc2FsZXMuY3N2XCIsXCJTYW1wbGVEYXRhX3NhbGVzLmNzdlwiLFwiRGF0YSBTYW1wbGUgRm9yIERoaSBhZnRlciByZW1vdmluZyBzaGVldCAzLnhsc3hcIixcImRhdGFfbW9kZWwuY3N2XCIsXCJTYW1wbGVEYXRhX3NhbGVzLmNzdlwiLFwiU2FtcGxlRGF0YV9zYWxlcy5jc3ZcIixcIlNhbXBsZURhdGFfc2FsZXMuY3N2XCIsXCJkZWxsLnhsc3hcIixcImRhdGFfbW9kZWwuY3N2XCIsXCJzYW1wbGVfZGF0YV9hc2hpc2guY3N2XCJdLFwiY2hhdFJvb21JZFwiOlwiMTU2MTAyMzc3Njc2OVwifSIsInNlc3Npb25UaW1lc3RhbXAiOiIxNTc2MDU1MTI5MTYxIn19.aCHRkZgp957K1d2NOy-qzerwLxdLomyxlg7XhG2PnWQ','1584335454771'),('rohith.shetty@brillio.com','Added data files','eyJhbGciOiJIUzI1NiJ9.eyJpc3MiOiJCcmlsbGlvVGVjaG5vbG9naWVzIiwiYXVkIjoiQnJpbGxpb0RhdGFQbGF0Zm9ybSIsImlhdCI6MTU3MTkwMzI3OCwiZXhwIjozNzMxOTAzMjc4LCJpbmZvIjp7InVzZXJOYW1lIjoiUm9oaXRoLnNoZXR0eUBicmlsbGlvLmNvbSIsInVzZXJUb2tlbkluZm9ybWF0aW9uIjoie1widXNlckFsaWFzRmlsZU5hbWVzXCI6W10sXCJ1c2VyRGF0YUZpbGVOYW1lc1wiOltcIkRhdGFfU2FtcGxlX2Zvcl9EaGVlX3YyLmNzdlwiLFwiU2FtcGxlIC0gU3VwZXJzdG9yZS54bHNcIixcIlNhbXBsZSAtIFN1cGVyc3RvcmUuY3N2XCIsXCJEYXRhX1NhbXBsZV9mb3JfRGhlZV92Mi5jc3ZcIixcIlNhbXBsZSAtIFN1cGVyc3RvcmUuY3N2XCIsXCJXZWJfTG9nX0RhdGEuY3N2XCIsXCJXZWJfTG9nX0RhdGEuY3N2XCIsXCJXZWJfTG9nX0RhdGEuY3N2XCIsXCJXZWJfTG9nX0RhdGEuY3N2XCIsXCJXZWJfTG9nX0RhdGEuY3N2XCIsXCJXZWJfTG9nX0RhdGEuY3N2XCIsXCJXZWJfTG9nX0RhdGEuY3N2XCIsXCJXZWJfTG9nX0RhdGEuY3N2XCIsXCJXZWJfTG9nX0RhdGEuY3N2XCIsXCJXZWJfTG9nX0RhdGEuY3N2XCIsXCJXZWJfTG9nX0RhdGEuY3N2XCIsXCJXZWJfTG9nX0RhdGEgdjIuY3N2XCIsXCJXZWJfTG9nX0RhdGEgdjIuY3N2XCIsXCJXZWJfTG9nX0RhdGEgdjIuY3N2XCIsXCJXZWJfTG9nX0RhdGEgdjIuY3N2XCIsXCJXZWJfTG9nX0RhdGEgdjIuY3N2XCIsXCJXZWJfTG9nX0RhdGEgdjIuY3N2XCIsXCJXZWJfTG9nX0RhdGEuY3N2XCIsXCJXZWJfTG9nX0RhdGEuY3N2XCIsXCJXZWJfTG9nX0RhdGEuY3N2XCIsXCJXZWJfTG9nX0RhdGEuY3N2XCIsXCJXZWJfTG9nX0RhdGEuY3N2XCIsXCJXZWJfTG9nX0RhdGEuY3N2XCIsXCJERUxMX0RFTU9fREFUQVNFVC5jc3ZcIixcIkRFTExfREVNT19EQVRBU0VULmNzdlwiLFwiREVMTF9ERU1PX0RBVEFTRVQuY3N2XCIsXCJERUxMX0RFTU9fREFUQVNFVC5jc3ZcIixcIkRFTExfREVNT19EQVRBU0VULmNzdlwiLFwiRGVsbC1EZW1vLmNzdlwiLFwiZGhpMTIzLmNzdlwiLFwiZGhpMTIzLmNzdlwiLFwiZGhpMTIzLmNzdlwiLFwiZGhpMTIzLmNzdlwiLFwiREVMTF9ERU1PX0RBVEFTRVQuY3N2XCIsXCJEaGktMi5jc3ZcIl0sXCJjaGF0Um9vbUlkXCI6XCIxNTY2OTAyMzIxMTgyXCJ9Iiwic2Vzc2lvblRpbWVzdGFtcCI6IjE1NzE5MDMyNzgwMTcifX0.yB2X8W9dLGJ6v9NGNBg0K8DE4bRAH8PN029zKIlEbW0','1571903225827'),('sachin.nalkar@brillio.com','Added data files','eyJhbGciOiJIUzI1NiJ9.eyJpc3MiOiJCcmlsbGlvVGVjaG5vbG9naWVzIiwiYXVkIjoiQnJpbGxpb0RhdGFQbGF0Zm9ybSIsImlhdCI6MTU3MzY0NTM1MSwiZXhwIjozNzMzNjQ1MzUxLCJpbmZvIjp7InVzZXJOYW1lIjoic2FjaGluLm5hbGthckBicmlsbGlvLmNvbSIsInVzZXJUb2tlbkluZm9ybWF0aW9uIjoie1widXNlckFsaWFzRmlsZU5hbWVzXCI6W10sXCJ1c2VyRGF0YUZpbGVOYW1lc1wiOltcIkRFTExfREVNT19EQVRBU0VULmNzdlwiLFwic2FtcGxlX2RhdGFfYXNoaXNoLmNzdlwiXSxcImNoYXRSb29tSWRcIjpcIjE1NzM1NTcxMjc3NjZcIn0iLCJzZXNzaW9uVGltZXN0YW1wIjoiMTU3MzY0NTM1MTEyOCJ9fQ.XiX9BsyTzVtb8VcUeGZfIOh0iV-IYoaDE_qZLYQ3spU','1573797855444'),('sandhya.balakrishnan@brillio.com','Added data files','eyJhbGciOiJIUzI1NiJ9.eyJpc3MiOiJCcmlsbGlvVGVjaG5vbG9naWVzIiwiYXVkIjoiQnJpbGxpb0RhdGFQbGF0Zm9ybSIsImlhdCI6MTU3MDE3NDE4NiwiZXhwIjozNzMwMTc0MTg2LCJpbmZvIjp7InVzZXJOYW1lIjoic2FuZGh5YS5iYWxha3Jpc2huYW5AYnJpbGxpby5jb20iLCJ1c2VyVG9rZW5JbmZvcm1hdGlvbiI6IntcInVzZXJBbGlhc0ZpbGVOYW1lc1wiOltdLFwidXNlckRhdGFGaWxlTmFtZXNcIjpbXCJzYWxlc19kYXRhX3NhbXBsZS5jc3ZcIixcInNhbGVzX2RhdGFfc2FtcGxlLmNzdlwiLFwic2FsZXNfZGF0YV9zYW1wbGUuY3N2XCIsXCJzYWxlc19kYXRhX3NhbXBsZS5jc3ZcIixcInNhbGVzX2RhdGFfc2FtcGxlLmNzdlwiLFwic2FsZXNfZGF0YV9zYW1wbGUuY3N2XCIsXCJzYW1wbGVfZGF0YV9hc2hpc2guY3N2XCJdLFwiY2hhdFJvb21JZFwiOlwiMTU2NTE2Nzc3MDQ2NVwifSIsInNlc3Npb25UaW1lc3RhbXAiOiIxNTcwMTc0MTg2MDA3In19.D2jLaG29Ebabxc5tXkNRP15ARBYoatJWz_6PhHEg1tg','1571469204803'),('uiadmin@brillio.com','Added data files','eyJhbGciOiJIUzI1NiJ9.eyJpc3MiOiJCcmlsbGlvVGVjaG5vbG9naWVzIiwiYXVkIjoiQnJpbGxpb0RhdGFQbGF0Zm9ybSIsImlhdCI6MTU2MTUzNTU4MSwiZXhwIjozNzIxNTM1NTgxLCJpbmZvIjp7InVzZXJOYW1lIjoidWlhZG1pbkBicmlsbGlvLmNvbSIsInVzZXJUb2tlbkluZm9ybWF0aW9uIjoie1widXNlckFsaWFzRmlsZU5hbWVzXCI6W10sXCJ1c2VyRGF0YUZpbGVOYW1lc1wiOltcImRhdGFfbW9kZWwuY3N2XCIsXCJkYXRhX21vZGVsLmNzdlwiXSxcImNoYXRSb29tSWRcIjpcIjE1NjE1MzU1MjY0MTJcIn0iLCJzZXNzaW9uVGltZXN0YW1wIjoiMTU2MTUzNTU4MTA2NCJ9fQ._TZpIU_JZsV5_cpiUd2cfbyJ7KeimzKUUEl-6FgGEz0','1561535575342'),('yogesh.jain@brillio.com','Added data files','eyJhbGciOiJIUzI1NiJ9.eyJpc3MiOiJCcmlsbGlvVGVjaG5vbG9naWVzIiwiYXVkIjoiQnJpbGxpb0RhdGFQbGF0Zm9ybSIsImlhdCI6MTU2MjgwNTUxMiwiZXhwIjozNzIyODA1NTEyLCJpbmZvIjp7InVzZXJOYW1lIjoieW9nZXNoLmphaW5AYnJpbGxpby5jb20iLCJ1c2VyVG9rZW5JbmZvcm1hdGlvbiI6IntcInVzZXJBbGlhc0ZpbGVOYW1lc1wiOltdLFwidXNlckRhdGFGaWxlTmFtZXNcIjpbXCJkYXRhX21vZGVsLmNzdlwiXSxcImNoYXRSb29tSWRcIjpcIjE1NjI3ODUxMTY2MTdcIn0iLCJzZXNzaW9uVGltZXN0YW1wIjoiMTU2MjgwNTUxMjM3MiJ9fQ.DssMl2jEqX4xk8CjiF5o6II8A4Cu_mej7l_C-N5_Qc8','1569537123776');
/*!40000 ALTER TABLE `user_token` ENABLE KEYS */;
UNLOCK TABLES;

--
-- Dumping routines for database 'dhi'
--
/*!40103 SET TIME_ZONE=@OLD_TIME_ZONE */;

/*!40101 SET SQL_MODE=@OLD_SQL_MODE */;
/*!40014 SET FOREIGN_KEY_CHECKS=@OLD_FOREIGN_KEY_CHECKS */;
/*!40014 SET UNIQUE_CHECKS=@OLD_UNIQUE_CHECKS */;
/*!40101 SET CHARACTER_SET_CLIENT=@OLD_CHARACTER_SET_CLIENT */;
/*!40101 SET CHARACTER_SET_RESULTS=@OLD_CHARACTER_SET_RESULTS */;
/*!40101 SET COLLATION_CONNECTION=@OLD_COLLATION_CONNECTION */;
/*!40111 SET SQL_NOTES=@OLD_SQL_NOTES */;

-- Dump completed on 2020-03-16 19:46:19
